ID,DAY_ID,COUNTRY,TARGET,PREDICTION
1054,206,FR,0.0283133812568542,0.0990493907362103
2049,501,FR,-0.112516364811792,0.003410173885220757
1924,687,FR,-0.1808399597862505,0.1272834311471516
297,720,DE,-0.2603561005917882,0.06476097148705011
1101,818,FR,-0.0717326120736016,0.0841434447973591
1520,467,FR,0.9321054345960168,0.09493512107633376
1546,144,FR,0.192679748277726,0.22831245167820124
1069,1136,FR,0.1128497066002542,0.10704304964031253
1323,83,FR,0.0761526694910631,0.11089071362231165
1618,307,FR,0.0,0.06677467971445362
1507,277,FR,-0.3901905275265491,0.125421392007328
819,116,DE,-0.1333811131150599,0.1134243116335301
918,406,DE,0.1963115292581426,0.07142328106975421
283,1175,DE,-0.0254765642989422,0.11815453622773933
158,309,DE,0.4602781894669853,0.2774968095035266
1821,519,FR,0.4526840668968859,0.11168738938871245
1263,673,FR,-0.0604804518909624,0.057973049089974464
240,626,DE,-0.4114397924400805,0.11845756974363467
1897,184,FR,0.1270912775730413,0.04696963706241604
964,804,FR,-1.6430112928802725,0.09635256624768229
519,1060,DE,0.012714913418732,0.13379737359715882
1199,657,FR,-0.6376581019685787,-0.06255272728752104
1482,461,FR,-0.403435988212012,0.08596435837033282
1104,555,FR,0.132475854998083,-0.06411281908002303
971,845,FR,0.01637085043694,0.03706951714134232
583,23,DE,0.0631489321501745,0.32450303843897055
1715,27,FR,0.286468265520254,0.09226772738420741
2004,204,FR,0.08471842580791,-0.05890860986764836
2129,1184,FR,1.3276861889524334,0.02653972588046387
837,479,DE,-0.3181589851345572,0.12479929864359376
1866,667,FR,0.374852692864025,0.07809117884379559
902,659,DE,-0.1965200375636385,0.1104947939041026
1059,249,FR,-0.1648538039995488,0.10490199585366616
1659,725,FR,0.3273871614477803,0.3165628316965899
1409,25,FR,0.1804847094173591,0.05641830891539324
304,467,DE,0.2017984935600899,0.09739944959936765
1834,180,FR,0.2281690654662493,0.12849266088418967
269,36,DE,-0.4318253904201081,0.13577189803650747
970,995,FR,-0.0190361275525109,0.1062659473641484
935,52,FR,0.0012835764594034,0.12544497382710157
606,696,DE,-0.4998498577478769,0.10787795947078363
732,556,DE,-0.954473884882676,-0.0630341354544717
518,974,DE,1.4003958127357787,0.09106543010220566
1499,1175,FR,-1.9054666305771424,0.09113509552712695
1802,918,FR,-0.0926734195428975,0.07592754294220631
1675,809,FR,0.0776874146398393,0.0777253387635505
2094,1024,FR,-0.0734711219803671,0.013887429154510862
1813,120,FR,-0.1403378403443132,0.11634902329457877
315,761,DE,0.5371756785133642,0.21833052225386698
541,560,DE,0.3656768084523153,0.030010433583984537
1106,15,FR,-0.1237394347270676,0.069113658498472
1119,506,FR,-0.4029678607799104,-0.030369847704154893
2013,907,FR,0.2107364193985207,0.035428288817691875
464,783,DE,0.6262273342929225,0.09632494926866993
2076,281,FR,-0.0222167091585713,0.1038844667337907
760,741,DE,-0.5183287701460362,0.0017004376648807017
415,620,DE,0.4098576741802502,0.09952873088280448
8,664,DE,-1.6995709261671217,-0.00935182847927284
1113,947,FR,-0.4284227752350109,0.08685382775224704
1709,130,FR,0.3451833445850572,0.08711738786043219
99,746,DE,-0.1931839761301076,0.08559971920590688
936,28,FR,-0.1424452053772801,0.1322499131424465
1560,640,FR,-0.5324707466784975,0.09361916271038385
263,1120,DE,-0.6233754343302629,0.14525649491170187
955,1069,FR,0.0331664070586478,0.175993044962786
912,1055,DE,0.1083086052456801,0.0434497810967577
114,86,DE,-0.0709196979799312,0.09971254107484051
1432,965,FR,-0.005460114874465,0.045679107321771634
254,243,DE,-0.3982567744711819,0.433074879198731
1493,562,FR,0.3728223940975403,0.06321700224489386
549,587,DE,0.2946947838163621,0.21820282613880557
1052,578,FR,-0.3371792169429849,0.08870855541052301
1742,416,FR,0.2230884656744257,-0.09834488140467337
2107,246,FR,-2.338778624386492,0.11368132601675693
1811,771,FR,4.685478863137233,0.0779206723340364
21,514,DE,0.129770327387799,0.11356171859049613
526,416,DE,0.2072689250752905,-0.30519825630067154
128,975,DE,-0.3858323204090848,0.06326813778074875
612,522,DE,0.2843374807486026,0.1229862005622353
2089,668,FR,-0.3496920645216719,-0.1028631121774865
739,162,DE,0.4026183657088373,0.10126552735274415
603,641,DE,0.496221296020289,0.1265008443552803
348,714,DE,0.7697085205578034,0.09038489754303093
1971,494,FR,0.1025968387420318,0.10426477544106139
1527,250,FR,0.1067342621415888,0.10974209771289084
1870,697,FR,0.0645302735789065,-0.007390068431779976
478,253,DE,-0.7348990218641689,0.13595740709808177
175,431,DE,-0.5652876244979439,-0.0583994290703866
1536,847,FR,0.0327688080718091,0.10325603030858979
496,11,DE,0.2941667744920151,0.11740572703705851
1955,162,FR,1.2423652236583005,0.09714312090495622
2118,659,FR,-0.3057616664921221,0.04729317455922957
840,954,DE,-0.352252864995466,0.1048594070246669
1305,1107,FR,0.1449553999668431,0.008966866836988767
1988,166,FR,-1.0475823970827285,0.09047781630028696
1767,533,FR,-0.2538068097132726,0.10715489308611131
70,1063,DE,-0.7004275425228569,0.17496414792906137
759,1012,DE,0.1896798808887953,0.12166353374312733
303,320,DE,-0.0170390517508661,0.15241465804573068
2021,276,FR,-0.0083506929579636,0.01259566390821676
119,104,DE,-0.2200174164577956,0.11266793553511409
1712,11,FR,-0.0387160520868036,0.10098878681018339
1940,146,FR,-0.054894078947476,0.12990063047249042
2141,704,FR,0.1170205582042599,0.12907337541427336
2010,644,FR,0.0666962436000367,0.08623658282222658
289,351,DE,6.836019876868637,0.13377625376610322
1394,437,FR,-0.5338081562961453,0.13114478767559473
1124,64,FR,0.3384236825242618,-0.016216112210935656
1569,1030,FR,0.0,0.018549930242974418
894,429,DE,1.5490718405603008,0.16787696497450427
1117,343,FR,0.1301573052471306,0.08478904842620624
641,1132,DE,0.583082602981516,0.13942846582346446
1431,154,FR,0.0373021013058413,0.10767886661825683
321,263,DE,0.1210639312591872,0.11291075991594307
1606,788,FR,-0.1772672886718277,-0.027906530519067527
661,552,DE,0.3281771700102275,0.12143415145487671
998,366,FR,-0.6948013666643845,0.10034542313442876
978,749,FR,1.5432164258590593,0.12496037596526319
90,1147,DE,-0.6994358371517136,0.6884574511225112
164,279,DE,-0.7228733604361232,-0.12987677455107033
1271,353,FR,-0.0243385150879257,0.09166001407277931
1312,828,FR,2.8050508890116514,0.07314431253195502
610,1059,DE,0.143578712407999,0.09724151558965324
1344,975,FR,-0.2217154296102933,0.059029626834017676
100,340,DE,-0.6560471530154708,0.12713310606877157
1552,824,FR,0.0720295636333234,0.10347448870220416
1953,903,FR,-0.146248815678106,0.12474487860811953
1220,933,FR,-1.4924723802473494,0.11189531359642854
711,492,DE,1.0177951627428543,-0.14375016743785687
1854,609,FR,0.2354754946917156,0.09028068976076459
1004,1033,FR,0.3217802958616276,-0.07706360273790328
1605,1089,FR,-1.5184107106189606,0.060253879824690715
1547,972,FR,0.0903941976982084,0.19966820015573525
705,648,DE,-0.6710696087985721,0.09477261416145319
237,988,DE,-0.3184219673742235,0.12360618720417657
285,40,DE,-0.3954473635767516,0.12079136247228878
1277,612,FR,1.364115316914675,0.0856657576999544
1282,201,FR,1.862087994608972,0.05937031787405511
1893,124,FR,-0.0452244439838247,0.04884501927151309
671,1036,DE,0.5127225644005985,0.16962272198316727
796,711,DE,-0.3161782440116608,0.08577949628572164
1322,1000,FR,0.4897880274081974,0.11819614351607138
1878,393,FR,0.357202456021273,0.1045003956055463
488,500,DE,-0.7715312519239005,0.09328157402722681
1694,253,FR,0.2192050545058917,0.07386054953048632
1329,172,FR,-0.4093151918225764,0.06951335165823128
1231,762,FR,0.2073428058716233,0.07590127789646449
201,1130,DE,-0.7559719279105056,0.04305956126178733
986,669,FR,0.0249527263708118,0.11937623891662527
1242,449,FR,0.1928400122877894,0.0910750638517399
439,1018,DE,0.0715602297824868,0.09525663308132244
1237,514,FR,-0.5233700503351497,0.08840758074149137
959,744,FR,0.2819733966968231,0.12010606525953402
635,178,DE,0.049347794442201,0.12064871493411125
1468,742,FR,-3.8293957812592456,0.1930088061139865
1651,134,FR,-0.3526537437423799,0.12252356103808765
633,835,DE,-0.5417697600166503,0.08175276631969541
660,956,DE,-0.3281879604736506,0.11500237069841268
1614,219,FR,-0.0075143083579951,0.03891603547240851
1751,149,FR,-0.9601400148241308,0.09871632964779256
1844,1182,FR,0.3255084319479988,-0.10284612980190014
696,1065,DE,-1.6870792627409443,0.017934161500486427
1852,919,FR,0.5955434061534272,0.2424461825176668
1338,754,FR,-0.3646806602270167,0.08598858469927534
1595,131,FR,-1.1429642477581656,-0.11607372975756018
666,205,DE,-0.964460229199118,0.10609993328479024
650,667,DE,0.1050953633377604,0.09186777893964616
1999,446,FR,0.0159680586626053,0.08324455200955781
282,1202,DE,-0.0917736371019228,0.11960564163138632
205,121,DE,-0.9533655025977424,-0.17508855063990786
1672,304,FR,-0.0045823419417771,0.09063892986858486
1178,1155,FR,-0.0805522153789447,0.003485290304625667
1470,243,FR,0.2641893867158347,0.3927801462721543
317,591,DE,-0.2515901499573486,0.0490909955409823
1910,198,FR,-6.519268274888724,0.06506518220802879
2072,996,FR,2.729441038503437,0.11168355225307192
1424,1097,FR,-0.1632979450520062,0.09200446780376682
581,384,DE,-0.0823516025915816,0.49522538062680876
432,989,DE,-0.1690073728248302,0.07818239425351053
854,543,DE,0.3802549102989194,0.027280934545428834
262,826,DE,6.151133366269985,0.13322720064356475
1968,794,FR,-0.0271536271295958,0.08701240866601793
924,693,DE,2.8371973407917244,0.07673300318233982
1022,639,FR,0.8702898236424383,0.09947878332344048
485,345,DE,-0.0406872643845607,0.08706255088087424
1241,906,FR,-0.0639564037701992,0.057411270205340446
1145,756,FR,0.0025500442339317,0.10060666311733571
1944,935,FR,-1.983548693705634,0.014281716670261164
1529,302,FR,-0.3009337036394165,0.08284746148864502
1786,655,FR,0.3394411212352471,0.19987306050513337
248,267,DE,-0.2465755761908394,0.12612509739270583
1947,1201,FR,-0.1918443788378256,-0.35169180884373485
1265,93,FR,-0.138391258160511,0.1130787591912101
83,890,DE,-0.5158459619464411,0.10564796743029162
1040,478,FR,-0.2606350203323089,0.18760091219596697
2005,580,FR,-0.0210814548620828,0.05738666190576276
570,655,DE,-0.600776598254007,0.17726657233976653
987,462,FR,0.0993798603060148,0.09252634954230803
314,476,DE,2.271824510460086,0.06568547543092422
85,923,DE,-2.273870053839118,0.12800892384037146
1214,1115,FR,0.1472833113865545,0.1015173189699477
246,763,DE,0.2805626383108501,0.25616521100688866
1436,1079,FR,-0.0429814446080716,0.09909281605922297
216,965,DE,-1.7205914465436618,0.02066897561980361
1310,430,FR,-0.0893135450110355,0.08824431034632328
1172,934,FR,-0.0035470386711197,0.023230286846289555
1365,1005,FR,0.2612507812562612,-0.028892574203650986
497,535,DE,0.1262707278821853,0.1111778522990661
116,515,DE,0.7903619472331319,0.10616322218038604
1382,1119,FR,-0.0259632688699451,0.23451509966483422
1067,59,FR,-0.5048729952390942,0.07105912330421962
1639,681,FR,-0.1210408095457346,0.2197238252978863
535,149,DE,0.0255592010245943,0.1311387433332049
1474,117,FR,3.9577802731540017,0.10430125590551119
545,735,DE,0.0443324732592797,0.11178491367317367
93,638,DE,-0.3435146252247724,0.1146486916186111
1611,660,FR,-0.1027507081867446,-0.04170891250897582
489,538,DE,-2.1024731930583105,-0.0058534938610204385
50,539,DE,-0.5497556361609575,0.11103917115024466
667,643,DE,-0.9041413040366928,-0.11192140787514132
2080,251,FR,0.1463615324016502,0.10035155050033495
1399,1003,FR,0.194651127745539,0.120083421409621
1900,1040,FR,0.1532741971210899,0.10164602811274501
1144,868,FR,-0.1940850841894005,0.12265155550114212
928,102,DE,1.4176793772589416,0.11811072144201015
2122,1137,FR,-3.3020496114995623,0.09356428373752562
419,71,DE,0.1028055841694779,0.1414676729723456
891,246,DE,0.4449434488356112,0.12557189883991754
1898,55,FR,-0.1731629629533675,0.20935365595493188
1762,540,FR,0.0470950055727762,0.10304278794969732
443,725,DE,-0.1853663001912398,0.3065730491548321
527,841,DE,3.9489492325128848,0.11649072991689866
531,998,DE,-0.1818939081270729,0.1167687179029171
37,1058,DE,0.0840958525451972,0.11369415810005731
642,109,DE,-0.5084614468084541,0.09257579219870064
1102,1177,FR,0.4630124248165893,0.06268583763267016
1417,1130,FR,0.0448041051846226,0.03544783068504184
1858,109,FR,0.1479733625489473,0.07982633130098671
279,836,DE,0.4821126709390868,0.2269816445691355
1628,730,FR,0.1046613584462951,0.10702644315773302
356,398,DE,-0.3451945531050289,0.10438091393357504
480,96,DE,0.1430957794766845,0.11992178464987913
1302,605,FR,-1.1396409210514795,0.057762522755292055
1481,635,FR,-0.293317452243704,0.23844791140905475
112,41,DE,-0.6455413088771651,-0.13737961731137052
178,437,DE,0.2952277108142281,0.16447887331964228
1475,944,FR,-2.667797653904165,0.004776089488000901
693,420,DE,-1.6554820896790952,0.06041988967469854
1996,195,FR,0.0609761652265087,0.06761338728737641
2063,525,FR,-0.2073606427299564,0.08825033894715552
61,612,DE,0.6074489952557763,0.09806293169063059
13,983,DE,-1.2344263392245651,0.1432045167863566
2003,473,FR,-0.0017738300965863,0.0763748106760492
59,671,DE,0.1134880971506585,0.12921502587273942
744,347,DE,-0.2202548425745857,0.14946481929754812
1575,1118,FR,0.0456792813955301,0.06019067435595411
1607,78,FR,0.0514086594396653,0.08471779368158529
2134,406,FR,0.123036295744615,0.01685434477419653
974,1150,FR,0.4419515259348262,0.0030865642663579773
1331,1045,FR,-0.3294257885139227,0.05625812680990416
655,685,DE,4.337953421060547,0.16598407102568039
1485,36,FR,3.046264356237203,0.09366306250498574
423,681,DE,0.2510310465472496,0.17530180344931942
1261,356,FR,0.1189457204949686,0.07444795739706492
850,72,DE,-0.1096546983834442,0.17872781303613594
1159,385,FR,-0.1422216095892884,-0.07052240669715605
1301,923,FR,-0.0679281643630947,0.08044109620389589
597,120,DE,0.2512798119354036,0.11476299259334787
185,985,DE,-0.9935227281338748,0.029659130308319945
580,236,DE,0.1233210137855416,0.1313663446419735
2038,617,FR,0.1068721874008578,0.10886034724897439
79,239,DE,-0.072683359725406,0.09314837817645993
1354,293,FR,-0.4184526200505143,0.11038429608795086
1244,333,FR,-0.3823072526814279,0.053901748682887454
340,349,DE,-0.022990960667455,0.06319052709715078
1224,664,FR,-3.583935504111203,0.08318168197373757
1518,1183,FR,0.753098053861377,0.09921627906948038
857,209,DE,0.2561399256554862,0.12013547013321016
1317,107,FR,-0.0329248866370114,0.08605409126671217
1077,1126,FR,-0.864280008415964,0.11949349365503492
313,302,DE,-1.1061882991921217,0.01376974883618205
1221,750,FR,-0.1739793037939351,0.027081269316559364
1886,37,FR,2.5601781033200943,0.18378905793284467
260,882,DE,0.0,-0.290243069538536
1093,1176,FR,-0.6221615548860023,0.09828448417625699
1930,864,FR,0.0,0.11652056980546131
1623,203,FR,0.333855987100172,0.07070011821759037
584,1148,DE,-0.0150891183063742,0.11400316124922318
54,363,DE,0.9230296636495076,0.13592533437874732
1850,118,FR,-0.049730149283115,0.07723082830056217
1571,601,FR,0.0309873094011135,0.07174331202338162
989,89,FR,-0.0376683848818629,0.03209269934659621
856,996,DE,0.3068891993665825,0.12945398252299437
1256,844,FR,-0.4004737861935181,0.023549085240222534
1200,504,FR,4.5283094761371245,0.01340838196636367
1553,782,FR,-0.0796110581202986,0.09510885034408659
364,622,DE,0.5973596476419321,0.11020126418535517
1149,493,FR,-1.1029841039598929,0.053914787526692855
76,1027,DE,0.857679457158991,0.10789093268080312
958,126,FR,0.6013202254997633,0.12848602962055652
1403,214,FR,0.2050918323728075,0.15174126912200767
2061,319,FR,-0.0719352544813041,0.015331109487576287
889,553,DE,-0.6165991933486599,0.10434160576027258
1343,1021,FR,-0.2486109073622212,0.07943288831312427
1414,26,FR,0.4484550609081467,0.08487698410029901
680,1098,DE,-0.626456832779355,-0.02154046812620798
3,872,DE,-0.2335052353024808,0.07213004045259186
424,1179,DE,1.2924505275184277,0.18184854478971935
2140,693,FR,-0.0924824437979144,0.07751173020405644
1422,831,FR,0.3121182686419222,0.04596501264090051
1825,586,FR,0.4182394722918979,0.10426516034881869
103,765,DE,-0.1862422882990317,0.1181734123273531
236,592,DE,2.9249114043017816,0.04583809082638013
436,516,DE,-1.7503092869190218,-0.13821366734051413
640,920,DE,-0.0114692681773457,0.11417056538932573
2087,12,FR,-2.540508412526976,0.03440805194403852
1787,790,FR,-0.2550515563855992,0.10962009385613027
1299,890,FR,-0.8142178490997324,0.047490331498297234
1631,620,FR,0.2909479799238584,0.09168985955019593
309,1146,DE,-0.6285163536450213,-0.09162972328556232
611,1101,DE,0.0825401690317195,0.12273747493413392
818,881,DE,-0.165231600134126,0.10775270292951739
287,709,DE,0.2673484027303606,0.0984087691855274
1380,279,FR,-0.0406258778380672,0.05974515173866181
1869,672,FR,-0.0476114610511936,-0.026518452678713944
14,568,DE,1.4750312714255345,0.055630909957130575
239,66,DE,0.2837955193237761,0.11073276975002125
695,554,DE,1.5925886335279045,0.0708246320296381
1887,1036,FR,0.3282297190073702,0.13438005376669185
2016,3,FR,0.068904639361785,0.10018363236194622
1782,564,FR,0.0682667592697676,0.18138243947941188
969,1173,FR,-0.5608183209916849,0.1296716515131941
922,682,DE,-0.7830395043600025,0.0013490460042580275
1816,463,FR,-0.8601170868630765,0.03430942031530095
1846,791,FR,-1.1553102833660405,0.08932499296899847
1752,808,FR,-0.3403188367487685,0.09947037866684963
1635,71,FR,1.5836947652933793,0.06405440350019626
934,740,FR,4.724417783668579,0.11434228539835165
1211,850,FR,-0.0894820969145447,0.04559209518791946
1177,727,FR,-0.1113304287796622,0.10224850883265443
1089,1090,FR,0.0536906974841221,0.06915769200543241
1195,1103,FR,-1.7962592893734093,0.06376297157128118
1108,498,FR,0.1228495869132358,0.06669234797262583
2130,779,FR,-0.4271966628870656,0.04674290610384531
4,933,DE,0.0298220491286575,0.1055442427102355
1148,840,FR,-0.0670764115539193,0.02849774660798134
905,544,DE,-1.2279446810922234,0.043240346070890404
553,1188,DE,-0.0354530339215964,0.1025870795751668
1855,297,FR,-0.0662660381849242,0.0836971968302685
921,574,DE,0.4260302643892116,0.1477331342367728
1907,942,FR,0.5755788651201659,0.19573388613260728
1519,320,FR,-0.6174896344258587,0.10260724272418896
1815,582,FR,-0.1234392564070569,-0.08099308385180186
1491,105,FR,-0.1895778619333491,0.11343536336424276
636,919,DE,0.7430209546453443,0.28114940887506684
1400,795,FR,5.015579833097478,0.20421079271441944
2041,549,FR,-0.1665420579317973,0.09353856438265341
38,61,DE,-0.1151725224655222,0.08678186354253103
1197,242,FR,-0.3996656085977338,-0.04995035841585933
647,921,DE,0.1130567878290977,-0.16700126197988205
724,146,DE,0.5653828214769285,0.07515460483923489
1295,239,FR,0.3328110440851204,0.07060804887739136
232,1116,DE,-1.289661783306274,0.022192065572889497
442,775,DE,0.5872257209270335,0.022617072576048593
772,166,DE,-0.1022306968013996,0.10232882256237018
1028,769,FR,0.2907484802927597,0.06855086249884552
331,972,DE,1.327358328513118,0.20122283560176155
382,823,DE,0.7672129466585402,0.17063156437725935
1006,581,FR,-0.2318388528494972,0.12153963648262917
1478,826,FR,1.3873784182996325,0.08061972276527904
827,982,DE,-0.089570564140856,0.06328899714143185
2042,653,FR,1.2315899415967435,0.08110865765807496
1721,1207,FR,-0.7297554427471047,0.11439498459104012
2143,112,FR,0.6878078147231429,0.12381930847986003
2077,106,FR,2.7180013018253555,0.0847706633487602
574,490,DE,0.0959948550425775,0.10617801661104864
1099,141,FR,-0.0308682172167516,0.04188872501191414
2144,102,FR,-0.0839825331645012,0.04253881639440203
161,939,DE,0.5473761848478419,0.2031382722911499
560,510,DE,0.3655045964381045,0.10520162872798705
1514,318,FR,1.0825681682485335,0.10031003316422157
1362,1165,FR,0.8318972923402559,0.050141430982667205
2108,466,FR,-0.3409676117610142,0.0038802314528656526
1795,547,FR,-0.0600106481172972,0.10787695228414287
1509,941,FR,4.632928463994622,0.0995357341249737
1537,263,FR,-0.0100451950631922,0.10396355174092031
556,381,DE,0.1152826799117107,0.09222051802124498
98,57,DE,-0.3387738898841101,0.11814041520344501
106,1000,DE,0.7456609964434977,0.19113018367233164
1718,815,FR,-0.9416539746273368,0.1873478978288475
212,189,DE,1.7783708551932835,0.03143477849721324
154,194,DE,0.0,0.09547370350987293
2104,68,FR,-0.3827292345164419,0.10158613078568957
1696,96,FR,0.1043998690025358,0.09178436966475187
1773,797,FR,-0.0766410304237349,0.0942508193282901
398,219,DE,-0.5130569605140662,-0.004446353279186691
653,672,DE,-1.095065540048285,-0.0002578271072796494
267,1156,DE,-0.3240050145043268,0.12224721300214987
1408,46,FR,-1.1258857643698186,-0.001306268764285799
272,536,DE,-0.0051332756300387,0.2430176992528517
115,1045,DE,-0.5433218535145549,0.10514290202492123
938,874,FR,-0.1191843767465754,0.1625490867213199
1452,592,FR,-1.2393589134288905,0.09798105768108678
361,442,DE,0.5430052688498777,0.11400316124922318
715,147,DE,-1.3806414117910284,-0.03366233481360194
165,964,DE,0.9972664082238056,0.07512434530573048
1314,57,FR,-0.0036193867608358,0.11015807946095066
822,617,DE,-0.0923790051887028,0.1226495179819232
1147,1062,FR,0.025800763437498,0.09174176068207747
45,356,DE,-0.7991544399969254,0.11951695722553474
833,501,DE,0.0842206059869724,0.08751140015925225
536,808,DE,0.1871197209411912,0.13766503027027532
1535,163,FR,0.2568284878735128,0.12245839659143937
1693,1037,FR,-0.366890024092218,0.04554452299077574
1421,121,FR,-0.1845528364034102,0.07647186158056565
1463,936,FR,0.6025434540476294,0.03893100537856857
1430,170,FR,-0.2863747383734581,-0.04412803569196891
118,785,DE,-0.3220104225157443,0.10547941438439459
1152,1108,FR,0.3223397101326437,0.13724782171202346
1187,1166,FR,-0.3160181414171926,0.07297389587874911
981,182,FR,0.2030603460938753,0.11462931199707932
976,770,FR,-0.1675094850376798,0.06573729258395349
1205,140,FR,-0.9530390182700408,-0.021477494573657767
1166,303,FR,-0.2329192838417964,0.2749624065042323
1020,738,FR,0.2622944881708633,0.07927725484633107
1512,1042,FR,-0.1183930190504913,0.12431358678233886
1492,722,FR,0.0683156749488107,0.052614876682242406
308,600,DE,-0.3989618553281324,0.044593289414023934
919,364,DE,-0.2048663117129315,0.09690379542417532
290,1140,DE,0.0329283970052556,0.15979381827890055
1142,185,FR,-2.4383476812689278,0.17987954527195904
1790,490,FR,0.0245345114781041,0.09948126665008894
322,81,DE,-0.2848370663043456,0.09882561669934127
995,853,FR,-0.0351620992188606,0.08894561030973346
292,268,DE,-0.1592259948301813,0.13254809571612808
462,336,DE,-0.1848200626241843,0.18004071910112895
1748,862,FR,0.1808503167924954,0.1085033623434215
659,223,DE,0.4209709212902264,0.19385324549070132
265,635,DE,-0.0421043323613635,0.41633761279304377
1392,798,FR,0.0706731318078364,0.13488424218068634
1517,615,FR,0.0613316987758138,0.09224966404109074
985,793,FR,0.0644828279211058,0.08735082461333088
141,1077,DE,3.275421128547634,0.11178630003055624
637,337,DE,3.039476428982044,0.10330958166230449
407,203,DE,-0.0128928917303495,0.09581118552581354
1566,287,FR,0.5401263394367543,0.015318016302201797
337,782,DE,0.1535024172142536,0.1270222205411422
182,558,DE,1.6742720727739877,0.15279992363339692
835,977,DE,0.3929377466922059,0.10879462699076176
1646,70,FR,0.4311179216946008,0.08724960422534608
729,598,DE,-0.6620232813058246,-0.15291693893014796
542,240,DE,0.3525282607717255,0.07417060128528553
568,897,DE,0.3349097887747389,0.11444256296759275
755,494,DE,0.0139878502990858,0.12036157509512552
1216,1190,FR,0.3319020189310895,0.10917350969028058
1009,737,FR,-0.1169570923996919,0.23453314492472058
1926,329,FR,-0.0869320758964907,0.015913248020200853
1556,349,FR,-0.0581110846784484,0.04012788124569416
701,702,DE,-0.4138092934500667,-0.07154097951950311
953,186,FR,-0.6022142594773792,0.1161993970216787
316,1095,DE,0.0540493372299353,0.1291089230430918
92,135,DE,0.5590675169740039,0.1316822959387161
1540,629,FR,-0.4732205718557014,0.11133760135397178
777,16,DE,-0.1563440877180009,0.12012317934884037
1118,886,FR,0.1126039719510449,0.08503012679284752
565,158,DE,0.1352507736642388,0.09810163414146728
747,932,DE,5.57011518732641,0.010734405446590482
402,307,DE,0.1111311017430266,0.09869276385644765
951,58,FR,0.0303812298851301,0.1793529939340248
23,736,DE,-0.082601832277404,0.02402655572260636
1160,929,FR,0.0568796984033657,0.17475289210772904
1014,876,FR,0.0411262464174672,0.09579319465084572
2054,799,FR,-0.2191448795790702,0.09896572697030509
1993,16,FR,0.3831484312488071,0.10097536639756591
1273,434,FR,0.3732674065671897,0.06873322375765495
2112,412,FR,-0.8795981453296837,0.0968136256341763
1655,1018,FR,0.17317749828797,0.13861514935486838
1654,221,FR,6.681753850368199,0.17126369305963796
1703,98,FR,-1.9049834091143256,0.11022265066976952
2039,1208,FR,0.1360280200450007,0.08345357665280352
926,701,DE,-0.8419344896003634,0.07901537134542763
1912,1065,FR,-0.0792582269897454,0.05950110318103438
44,901,DE,0.2433047510603542,0.10688672489988549
1449,470,FR,-0.1229513684589726,0.05339821109516475
72,294,DE,0.6137208641693179,0.18327800876794995
984,197,FR,-0.3002715173618676,0.11249794802480462
1457,181,FR,-0.1560357640355552,0.07604922564202846
839,34,DE,-0.0954835852093951,0.15930124048186095
1185,335,FR,-0.0037157239907213,0.04060674909854543
438,221,DE,0.6863681872757041,0.14972634166885346
1252,584,FR,0.0588814775259408,0.08439840988235314
18,269,DE,0.4411887515046381,0.10303113926548835
1278,77,FR,0.5285700760084453,0.12575179004865808
718,565,DE,-0.6492386900912958,0.05163797937899862
638,609,DE,-1.536319403286376,0.12096429931561511
193,25,DE,0.2051818824087778,0.035841457917283465
312,503,DE,-0.1927133667225281,0.127310680007505
1735,1060,FR,-0.0303748604156409,0.11231850228413934
741,792,DE,0.158190357968407,0.11402195661553942
55,353,DE,-0.65524806466026,0.12147003145315521
1544,453,FR,-0.011077618172502,0.08822263773205556
1413,713,FR,3.43757967429277,0.11242519332655687
1658,775,FR,4.566602512248284,0.23637878472639565
300,523,DE,0.1713540282192631,0.09452520204922693
2085,327,FR,-0.4499472000420308,0.019133717153311417
864,251,DE,0.3415421518602047,0.10246344159383983
1005,867,FR,-0.117497275148672,0.14604182075300035
1418,371,FR,-4.041590368237281,0.006093349054269809
1516,523,FR,-0.0291003398829871,0.09386739360353816
2111,417,FR,-0.2454199140713592,0.09645481683148524
1150,443,FR,0.2482100657619334,0.0687059790041855
429,1187,DE,0.6090537361935354,0.119926845869615
2047,5,FR,1.0313082621926757,0.2158336376446842
229,780,DE,-0.3099468881134481,0.12469497054933941
605,519,DE,0.0696487585797352,0.13441789892896014
599,582,DE,-1.2552629254700391,-0.09510041294119549
1174,885,FR,-0.1493757249406959,-0.02803047947207572
690,310,DE,1.010633625146799,0.14608907482661534
820,222,DE,0.2946871022033585,0.10198915157891406
720,1144,DE,1.0741419648532011,0.07549541077622923
135,796,DE,-0.2010773038764005,0.059611812552232885
1750,192,FR,-0.1187180948245445,0.03268094309926882
226,729,DE,0.2382725698086286,0.12497941665398418
895,417,DE,-0.0272271467702191,0.11523735780376962
2075,480,FR,0.0739674649777497,0.09675113025966445
1745,396,FR,-0.0323151586664035,0.295754632789555
355,601,DE,0.0003691248570939,0.13251976805661922
17,1002,DE,-0.3278725641454853,0.17851763534614506
676,595,DE,-0.988564722954025,0.043624771575242166
1788,521,FR,-0.1961625607947869,0.11335484782855618
529,396,DE,-0.7427786696154972,0.13391758527382966
694,198,DE,-0.977074915847718,0.04855606044518604
1714,355,FR,-0.1434629961671489,0.10624525073580979
1804,665,FR,-0.0820215205955255,0.03173964644580202
1681,155,FR,-0.197998291626497,0.09818934258296994
107,83,DE,-0.7135641264081898,0.125537670004725
1230,568,FR,0.2109241574016667,0.05912051166463425
1018,1186,FR,0.3649556448753382,0.05870658697306126
1109,619,FR,-0.2721953616816702,0.06528666745495666
809,229,DE,0.0025742803457742,0.09741520925055618
670,37,DE,0.14457531603423,0.13390077056475436
1053,706,FR,0.3413258411615462,0.08172805097412991
1732,168,FR,0.0076145492318342,0.044196787716568826
1757,560,FR,0.2709062805812563,0.0662165756555915
892,466,DE,-1.4500136647703274,0.0033092909142981887
1872,101,FR,-0.1309264587628666,0.138247223362811
1495,836,FR,-0.5358749887638988,0.18737987530969274
1473,1199,FR,0.1589220607931751,0.19339757131012522
1543,1100,FR,-0.0796023673078964,0.1004466153368609
1784,897,FR,0.0324318824914038,0.10359741819995169
2060,231,FR,0.0114678314828242,0.0976510779186561
1823,1001,FR,0.0586110004805878,0.08144459770421762
1530,476,FR,1.531969011655416,0.058920104687868305
412,730,DE,2.262772971224788,0.11599011104945227
785,1070,DE,-0.0872165696511579,0.11602353864179796
550,1112,DE,-0.0207412529975104,0.11739062902996472
1182,248,FR,-0.0444370759950523,0.07070480451462945
301,615,DE,-0.273781961182052,0.09471399256412462
1891,757,FR,0.550671512149759,-0.04787715314174907
646,542,DE,-2.7058728813855484,-0.15908628824613164
2050,391,FR,-0.164817776883091,0.0732987144218058
1363,237,FR,0.6322827064915906,0.1153935430912893
511,833,DE,0.8443490743699443,0.11706783884369379
1532,1095,FR,0.0534118049639455,0.10599268184309485
1088,955,FR,-0.1158258995522708,0.060837622001710584
811,718,DE,0.326436994006953,0.24620059949471212
1352,292,FR,0.8244134563797488,0.10006277302104855
147,237,DE,0.9975364638188676,0.1469334006213864
1941,1168,FR,-0.0280868078694112,0.08419522689686544
209,1135,DE,0.0776024742506266,0.12206453150547662
1554,652,FR,0.0240996048083952,0.0861800377378102
294,1198,DE,0.3179320010364105,0.12159590454210707
1050,138,FR,0.0514712606191935,0.10849940896348334
370,88,DE,-0.2384776868595605,0.0969517051755451
2043,982,FR,0.344851076430745,0.0485664294257033
243,724,DE,0.4347276964027186,0.092893663693282
449,678,DE,2.469264811105293,0.10450797127878299
823,1208,DE,0.0603799269505459,0.14162056537650103
91,776,DE,0.8276512095959563,0.1567999803488686
149,1005,DE,0.3032214887857686,0.07457243773021657
1250,654,FR,0.0121333293336874,0.07938328699033814
1215,1104,FR,0.7976469535360804,0.09752605978133475
328,453,DE,0.0811774695179784,0.12127280929389735
575,647,DE,0.0734841495024363,0.11543788866679347
757,285,DE,-0.2114271212048401,0.06864620000373771
534,192,DE,0.1038074487563919,0.1524477573696829
227,328,DE,0.3211099184479083,0.13899912640682205
2073,209,FR,0.3732330088918444,0.04463140437553973
1586,88,FR,0.0776320785161152,0.08115049036457113
1258,311,FR,0.4529582572230288,0.10550766693827296
2051,977,FR,-0.2094821639706843,0.10655840059105384
914,779,DE,1.7324054182594564,0.12269094271262873
1995,7,FR,-0.1189153974884707,0.10331854229757226
1933,861,FR,0.0295074971921583,-0.03752071941364596
684,1040,DE,0.3461066107425096,0.18908246011459903
1747,998,FR,0.4194827724098807,0.09720573771675821
616,150,DE,-0.1257389627220424,0.12456646046954012
136,292,DE,1.0072607037010284,0.13724126976473988
1725,191,FR,0.1088432952923809,0.10547276579063211
859,480,DE,-0.1773841486238679,0.13194489692906577
129,1169,DE,-0.4663256243914912,-0.1633082030951785
1092,1014,FR,-0.0850312601658441,0.11054860434229177
1079,91,FR,0.2998329054824495,0.22261051387969336
1781,158,FR,1.0448347919315792,0.06668710822694555
1510,1198,FR,-0.2564437535258824,0.11364012567275016
458,887,DE,-0.205733209757409,0.10979242421259142
433,127,DE,-0.3262661583140313,-0.009145874633081696
156,712,DE,0.2891463977613862,0.13479882843897875
1379,403,FR,0.0481422083156672,-0.013312771436040908
1637,400,FR,0.2105793859921131,0.04067699377463904
1364,950,FR,-0.1928139162117378,0.13798698088228395
1758,240,FR,-0.1226468175695246,0.066325424508182
929,414,DE,0.3656250811215265,0.21278863264528508
2125,817,FR,-0.222441577561931,0.05768476668828386
1021,29,FR,0.1978251350179923,0.1014374399436904
389,1089,DE,-0.477501201872451,0.07758652970614796
909,817,DE,-0.372041460145397,0.0944325634813131
1016,863,FR,-0.0524684305952773,0.09956344822705371
691,942,DE,-0.1177216511218442,0.1993716442943297
1604,341,FR,0.1040097559579887,0.07848355534134283
1737,419,FR,0.1812301180613743,0.06311869021883508
1549,274,FR,-0.0181810164550999,0.11142081359953138
490,74,DE,-0.8544702784445194,-0.0027942137071500957
1293,374,FR,-0.143491648376016,-0.15756800668293858
1671,262,FR,0.0737646080163866,0.11786598358492131
19,53,DE,-0.0306268948367147,0.10628061736802544
1168,48,FR,0.0919276099018033,0.14752994385208573
372,732,DE,0.1546171047863537,0.17038868015768807
1938,230,FR,-0.074795824167429,0.10320417484274863
166,1119,DE,0.4844648629892277,0.21309261735274967
2133,359,FR,-0.0318991561725277,0.05843989677783176
456,304,DE,1.6087779394185344,0.1274289441245824
1743,841,FR,0.1332502795711639,0.09376872786300106
1170,18,FR,-1.8544787001363603,0.12976720565977587
1398,558,FR,-2.514671203788687,0.1556399797270859
63,807,DE,0.3311982983597488,0.2159231200900028
1467,700,FR,0.0273470605582386,0.05088590366959994
540,690,DE,3.304949198136817,0.03534971194258379
1105,1056,FR,0.2407863592307326,0.10017414535082594
2137,574,FR,3.739162118744492,0.10843305398288064
1902,165,FR,0.0773902320387052,0.12341070174203708
1255,92,FR,0.0384811612850929,0.0782365068535861
842,789,DE,0.6731191869074566,0.1628545665815868
324,629,DE,-0.0698414545044559,0.17239381839932388
1652,516,FR,0.0,-0.15244273804859665
1685,557,FR,-0.1456790787123518,0.15324580425930057
58,42,DE,-0.059107701781637,0.1421028367518312
634,118,DE,2.7914844582213902,0.12792119725311682
2055,34,FR,-0.1475598446446101,0.2364670243555343
2138,682,FR,0.238368030275991,0.014367652372157046
1488,536,FR,-1.1807500419315504,0.20791988112010149
644,1022,DE,2.823923440866076,0.09875285270988268
311,250,DE,0.3782094872218965,0.14076426184398333
1229,983,FR,0.1183017969309326,0.0952710129612138
813,445,DE,-0.0860711337028518,0.15170587630834195
1348,427,FR,0.4033734560908838,0.07315785698681368
238,1133,DE,-0.2061880857744818,0.14904595718994615
620,1145,DE,0.0686191710907244,0.10090846655536251
858,175,DE,0.043984950419653,0.13207525423338146
764,1086,DE,-0.7347979459797978,-0.15948270826397623
1504,1138,FR,-0.698179595318733,0.3441137528615314
1976,741,FR,-0.1150345294152229,0.016002167148352703
1562,649,FR,-0.1637947237428255,0.12797255740588281
925,704,DE,1.940654106812462,0.16290097079246366
2058,789,FR,-0.0796059140894219,0.15062009005952695
722,230,DE,-1.01041509653584,-0.10235586883330709
1212,583,FR,0.1913298201953863,0.10156371718853642
336,824,DE,0.2344680480289864,0.13246110288559787
1977,444,FR,-0.1876200145764656,0.0014354027794448443
68,454,DE,-0.1359138167734189,0.11911456963818862
319,163,DE,0.1388452661241632,0.19649397083135317
794,644,DE,-0.0175331338089296,0.11759456271166002
204,816,DE,-0.0359010445655046,0.046190107946505646
805,276,DE,-0.9391970952395332,0.006767660655435806
1692,679,FR,0.0306833035540142,0.13281695380766823
1690,832,FR,0.1145626842963218,0.08820514807177779
221,604,DE,0.5939481118619387,0.09129084933565319
1710,1011,FR,0.0500731758015082,0.11509959500822589
1927,492,FR,0.0545525817283391,0.07700998181134627
2070,543,FR,0.1866301200692049,0.014439083633121665
800,3,DE,7.138604025388376,0.10183456594368757
1868,20,FR,-0.5561965616882435,0.06527664029576569
1024,238,FR,0.2088686612684762,0.08712198108734509
1796,236,FR,1.6166937023622523,0.10578532827594356
1501,40,FR,-0.3993790777710889,0.09501458518870899
1385,217,FR,-0.1343929156414331,0.2713595152688334
1503,709,FR,0.0366323638557537,0.027342457373830755
1451,938,FR,-0.1419110596592402,0.04248448694754238
1183,496,FR,-0.1598522622095826,0.08295152525940065
1415,22,FR,0.0951389489196846,0.18547168862609265
1676,767,FR,0.1544011424868965,-0.07055574549339116
1761,735,FR,0.9355434671501164,0.11069312644819462
1863,921,FR,0.3855058368698406,-0.0921115262356008
15,762,DE,0.1246711728150455,0.07944521729420431
752,794,DE,-0.2263296392421566,0.09747637038622481
1764,137,FR,0.2128944273577647,0.10782690975501338
146,1165,DE,1.2066662065744094,0.1355157195699982
1110,450,FR,0.4274240974229788,0.052994234199621064
867,1134,DE,-0.1989865087980435,0.10107347270930628
1842,895,FR,0.3686797211554901,0.07450170014293367
493,130,DE,0.1199433652655968,0.10890883124326853
110,289,DE,-0.2053561635062316,0.088518287060262
219,361,DE,-0.2497628292749109,0.0926592398783535
2034,881,FR,-0.1867101498218563,0.08663964236812557
286,550,DE,-0.2602250769197994,-0.02022643747795075
899,225,DE,0.0304635916735237,0.12614301490790686
1098,930,FR,0.0,0.05790859592711376
192,46,DE,-1.1384520642985656,-0.07195738731742421
853,94,DE,0.2013004518325216,0.20213827619045963
1826,1059,FR,2.6064513741952062,0.07818489804505947
1308,135,FR,0.0478399012373141,0.1113242103570121
487,98,DE,-0.0514306581849915,0.14637530902806484
1351,796,FR,-0.0273559788854874,0.06389692170283964
841,8,DE,0.0429955499016828,0.0876280973010991
132,427,DE,0.3402084497087324,0.08527032279479549
1738,188,FR,0.133139584333607,0.10750985529166374
1391,431,FR,-0.2333862367688266,-0.08274517550578733
1095,125,FR,-0.0873329850060783,0.08287935117388967
1374,309,FR,0.053383716710667,0.1946041984523883
1525,1146,FR,0.1720373355107709,-0.009995553421098296
36,584,DE,0.6978810094653494,0.13692469137518867
268,179,DE,0.7808804409279909,0.25058101216144213
623,773,DE,-0.06388195808572,0.10673601757382994
408,803,DE,-0.6977158297609208,-0.049594975368119534
171,82,DE,-0.7868241741946136,-0.11421656363546438
786,579,DE,-0.3554556598351487,0.10048545433453598
2105,553,FR,-0.2638543561320766,0.09374854765638956
1598,823,FR,-0.0541805703237875,0.13464043036079376
674,573,DE,1.5731675141202908,0.29048277310957726
195,530,DE,-0.0990273614420864,0.09761523360478208
1828,522,FR,0.0042024869001525,0.1304144059894024
1334,785,FR,-0.2985770699082928,0.03823150082387551
632,474,DE,-0.7760423002261276,0.07934605000357259
753,270,DE,0.3345728986365359,0.15906469493109537
1326,289,FR,0.0176471892073511,0.041929254420396626
26,449,DE,0.7371891474676542,0.22200264523225732
1073,1172,FR,-0.3652623789005739,0.1248083023819978
2139,1046,FR,0.2331708176221168,0.06674280156620525
28,333,DE,0.0435868673197028,0.1006527929847878
927,112,DE,-0.5425929608144887,0.17404728680290416
1307,776,FR,2.119259141115843,0.10813272985019898
233,470,DE,-0.0832697995018858,0.05056428978497968
1057,0,FR,0.1089534841719957,0.1263942556213995
108,1032,DE,0.319629001609519,0.11670607576961725
215,154,DE,-0.1457080924510158,0.13943985129909856
1455,66,FR,-0.4299611461672902,-0.06857509678795082
2135,364,FR,-0.0673405896306807,0.08697127124828018
1797,384,FR,-0.0953459964659494,0.30702627484332984
224,884,DE,0.7387169912969953,0.17005167681968508
851,348,DE,-0.0825712898158183,0.11853384587459909
2022,266,FR,-0.9264517580882784,0.1311965971342033
351,904,DE,2.9016227032767,0.12294975245114378
395,660,DE,-0.3076860593906986,-0.03183834147796767
1448,1116,FR,-1.6746969416389907,0.05766452697685888
946,308,FR,0.2409385036780514,0.11797512185777873
1080,721,FR,0.0019977023066662,0.08821656967517981
1313,220,FR,0.3325491238415169,0.10624262098529294
1769,1188,FR,-0.1347094030879191,0.09459088975658758
1706,74,FR,0.0321712803435796,0.05016279190878971
435,134,DE,2.332040401104864,0.14643077910306007
169,217,DE,-0.406072036807956,0.16471809626830158
1610,62,FR,-0.5294669214037285,-0.04145650731212231
852,1008,DE,-0.0575850694371891,0.084890971908854
1792,258,FR,-0.3859962025582973,0.07102226253596881
1072,969,FR,-0.0284640651282982,0.10716113906957207
906,1137,DE,0.7441389719403997,0.10212635967910674
1033,747,FR,-0.3765258147561002,0.07070458362460975
1068,47,FR,0.4370029909126993,0.05338009054752088
338,652,DE,0.0526685639792926,0.10367669973435668
2066,72,FR,-0.2101217657195588,0.15078570576484598
999,534,FR,-0.1346798111827024,0.08047672565488367
1558,87,FR,-0.0328707247811835,0.08527421000274354
1719,424,FR,0.1032994987923736,0.11561306904881244
347,187,DE,-0.3140162484113046,0.05827248132509254
277,562,DE,-0.1808379708035277,0.06196553364356561
662,393,DE,0.3280919894730633,0.11390741231128507
1860,1022,FR,0.0027223442184679,0.08885100971607844
256,616,DE,0.0478901050009353,0.04656017458805296
607,1001,DE,0.423691696942605,0.09175399399458459
457,282,DE,0.0325558879824361,0.17644817030606738
187,214,DE,0.1884802386418095,0.07500437378323795
917,359,DE,0.7757610302387937,0.053567716077790956
394,62,DE,-0.2178739149425225,-0.01888215258734905
1573,49,FR,-0.0248537420199976,0.09692331409885
1375,315,FR,-0.0035483681718344,0.17682341182012623
2115,225,FR,-0.1767549108819182,0.09165225328292999
451,387,DE,-0.8886042151817332,0.058688005645346666
1284,454,FR,-0.3181422077188096,0.10994448362779868
168,1007,DE,-0.2120473163354302,0.11612119762203715
1849,835,FR,0.0464035031834028,0.0676995181649574
2015,778,FR,0.0030179069029525,0.017632981571500228
1695,1052,FR,-0.1837134505559631,0.08267474107936236
1100,585,FR,-0.1421947822359958,0.01976566379778194
25,906,DE,-0.404038764500749,0.12906157012714536
2057,8,FR,-0.1574856859027329,0.09159476898696546
220,1079,DE,-0.5261763729349068,-0.07435665171780048
830,631,DE,0.5026977365452766,0.10639354815454025
2064,624,FR,-0.1903438743019986,0.07088571328086081
241,181,DE,-1.073385783616983,0.08105965363411115
89,1107,DE,0.4477162390842343,0.12547119895582176
1023,940,FR,0.4399874746980211,0.10362336567937358
199,22,DE,0.3659397825586283,0.2316049150666419
1531,761,FR,0.0925461576385205,0.13850101040732
521,419,DE,0.1534920731895667,0.06711114632350579
353,1030,DE,0.5997798747216093,0.17363251493074175
509,191,DE,0.6636325834971496,0.1028465318753221
1037,575,FR,-0.0820022367835364,0.10543883402296739
2083,1134,FR,-0.6669725219261599,0.07526584322793889
1731,910,FR,-0.8705958088175818,0.09377090674731958
615,1054,DE,0.006295001951394,0.10738254431750924
1070,1093,FR,0.3096521629706308,0.09442611059324674
200,1110,DE,-0.0752289205278508,0.19179218836959416
1350,296,FR,-0.2516436719941352,0.06367045447639745
1906,310,FR,1.0521171110286602,0.137064407705796
1248,60,FR,-0.0325392395969248,0.09792095712533541
808,1076,DE,-0.046888069584178,0.11571896860033506
538,674,DE,-2.1315946551349683,0.04118997222166826
346,649,DE,-0.0059680246425743,0.0718966162193021
1951,399,FR,1.1606824600844887,0.15134525699433243
1120,1205,FR,-0.0285749517515532,0.09533381695864075
1978,1117,FR,-0.1800534427584713,0.056129267514255274
516,168,DE,-0.8569179301417578,0.059934318357173055
766,893,DE,1.3741871351111887,-0.008919721595898072
1056,1204,FR,-0.0131287031847377,0.10055117641492142
5,750,DE,-0.0734642461302247,-0.06198933850471295
1983,495,FR,-0.0534192312266971,0.04925264400865761
247,936,DE,0.2717803721423212,0.1445716410947672
746,280,DE,-1.8099870635202984,0.01636480290201863
1376,1071,FR,-2.9184856669445987,0.11136659610813887
801,377,DE,-0.1304680824849467,0.1226495179819232
1819,641,FR,0.2072725019044562,0.062477988615898504
664,888,DE,1.4805769073619597,0.18032625828802096
1201,408,FR,-0.0072536170001082,0.05154709564705384
1386,378,FR,0.1009612515859323,0.005383749206615952
1012,1026,FR,0.6760124719976939,0.10405588413161443
1962,280,FR,-0.0643781065564771,0.06700923262872706
2035,116,FR,-0.1380614776281366,0.08205380439304351
1377,939,FR,3.726678114280279,0.12043732111502677
1754,674,FR,0.3034113710425675,0.049801128949632914
1772,381,FR,0.094365101973333,0.09582989581709332
571,790,DE,0.979894258157542,0.1259841794750156
1332,515,FR,-1.0096067567874412,0.0775989606722276
2046,631,FR,-0.3195749647211248,0.10635797905405017
1973,285,FR,-0.0687728514404688,0.016625876412928307
838,799,DE,0.3781051965314647,0.09821018060553804
1880,888,FR,0.0096692749461008,0.16700596490334596
1239,736,FR,-0.0226770794462532,-0.010590680919601664
579,547,DE,0.2216092149929304,0.1173891663642127
1871,685,FR,-0.2173283977297961,0.14413352647677916
1827,1101,FR,0.3497912472107946,0.11169336205913423
259,944,DE,-3.0759292908447264,-0.09724123470828326
1563,187,FR,-0.0464646441976034,0.025976355460224927
62,77,DE,0.497158843247422,0.21550764618427382
482,677,DE,0.3387502380611212,0.1117491034602405
1235,53,FR,-0.1344100275910899,0.07766028812808932
1733,286,FR,0.0487040779378091,0.08194154462471245
1300,512,FR,-0.062797731086573,-0.008913822877224906
2024,1076,FR,0.097860643001145,0.058585947480967265
621,1075,DE,0.8836031230945492,0.10779872509871871
176,798,DE,0.3678279625948109,0.10387696585356755
473,497,DE,-0.2364136316810239,-0.01591098268227438
186,877,DE,1.3841129807524597,0.15558125470307196
1157,1099,FR,0.1273280263557589,-0.18584603529886523
494,1011,DE,0.5136136778949831,0.17119874986459682
945,927,FR,0.0171498337673524,0.13524505803710138
137,990,DE,-0.0143550504683099,0.12893887269100063
507,561,DE,0.5851430881823415,0.05131312128369938
1524,600,FR,0.1050732030329676,0.04169813099216066
184,795,DE,1.5795427736017658,0.20452358174109253
756,675,DE,0.0603381376133977,0.23496032405267125
1479,1120,FR,3.1390541377209726,0.10635545548462155
825,549,DE,-0.1250944128672453,0.0956076243978975
1233,1002,FR,0.5885194910758769,0.14117903400039697
1688,1213,FR,-3.003988387705139,-0.010022497887851659
1508,268,FR,0.3278099169654725,0.01085223314072867
466,1044,DE,-0.5680529210773664,0.08999519587579774
1660,689,FR,0.1580640433536204,0.35207999320936334
952,159,FR,-0.0942914889476271,0.18138587336248171
774,642,DE,-0.3031126956851873,-0.1239086248533644
678,623,DE,-0.8033148097834122,-0.12776665499467166
189,183,DE,0.2387409751212404,0.07921863192388451
183,1003,DE,-0.9926129290525278,0.03577761857341184
546,540,DE,-0.0865721251796425,0.17478523111958752
1143,924,FR,-1.5451086961135791,0.20075903616308005
2121,544,FR,-0.0780097387729355,0.044090785456797024
2065,610,FR,-0.285126485430083,0.08013101239301414
1917,702,FR,0.0129962293227387,-0.036306519544691614
1381,964,FR,0.0074046028334656,0.29076919359948905
1198,683,FR,-0.3174021480983595,-0.12678090421655322
681,184,DE,-0.5014073130563451,0.004907993704805415
1116,529,FR,-0.2933741035590001,0.05600698937380921
1497,820,FR,-0.1232502960038598,0.2035586540949017
1461,272,FR,0.2229069056036005,0.18110358495434847
1335,104,FR,0.0,0.06407617258523074
1425,1135,FR,-0.2811165512438381,0.09432371440405962
333,274,DE,-0.0866643398139537,0.13014259222007946
2145,414,FR,-0.1768650901562258,0.10258596175947252
1759,199,FR,-0.2771249441370495,0.11018238978159844
1173,1114,FR,-0.0071109013024196,-0.03329591081895915
1875,223,FR,0.0771120760977087,0.16710634569625243
737,903,DE,1.9155131142974549,0.08387659558754344
430,70,DE,-0.0245265465478656,0.13345353425057163
682,55,DE,1.7021181208929508,0.22837251039046813
1266,539,FR,1.3987492620754398,0.07921810696311418
675,757,DE,-2.002418580117912,-0.07218849050858869
1075,758,FR,-0.0301975446764796,0.09059101993826996
547,608,DE,-0.2707138253288327,0.3323557457116906
1765,587,FR,0.1621248614459826,0.14796503753217338
276,722,DE,-0.5646760123185681,0.13671743153243143
947,902,FR,0.0134276211668655,0.1389022754345091
343,505,DE,-0.0218691394139492,0.1496208793918463
645,1129,DE,-0.8806579973498646,0.020539998353710662
235,938,DE,1.1970926448947738,0.030386476695541717
49,93,DE,0.1904186577852886,0.11435398945279202
754,1019,DE,0.0003806906514331,0.136527009881228
1411,530,FR,0.0,0.09107944266204963
923,1046,DE,-1.255299676070507,0.0527014790299255
884,422,DE,-0.1244818000119226,0.11129795035302009
865,1181,DE,-0.1210304662882765,0.0952934327420607
134,296,DE,-0.6052789210098012,0.09673108102256438
405,606,DE,-0.1473328354240415,0.215630675802897
1648,989,FR,-0.1326769050590329,0.02240840840464671
563,97,DE,-0.2193930964426598,0.09525957050206876
963,1171,FR,3.7386925577038665,0.10655307758857122
2001,1070,FR,0.0312027118214829,0.11013950912279721
150,851,DE,-0.3391811208419996,0.15160034086904883
10,365,DE,0.3241910661884046,0.11864384563947863
1476,882,FR,0.0320384574329391,-0.1829186636248786
1138,362,FR,-1.414308164132728,0.09448252637645033
1722,330,FR,2.757462682178172,0.09676921098136249
628,1182,DE,2.462574662333667,-0.06718282671704473
474,832,DE,-0.3860273765677119,0.05492197334967041
2081,1181,FR,-0.1563384659345368,0.09669464180885756
138,293,DE,-0.3538903119329868,0.11693466706619042
1564,714,FR,-0.0137358214282677,0.06839213295524628
231,806,DE,0.7548610189956941,0.13076397981231386
1587,650,FR,0.1123673059532202,0.10004891481001724
1502,550,FR,0.0121129351271655,0.0942047047869576
368,1193,DE,0.8325152872740446,0.12355495396078844
651,1088,DE,-0.7992607923026037,0.12761064521700852
367,1016,DE,-0.1703949924765893,0.10105224070258198
1965,715,FR,-0.3568192582993152,0.051392550494373954
1032,379,FR,0.0080230682770152,-0.006606837886801567
588,665,DE,1.7965961639422368,0.17365152491605726
421,400,DE,-1.249979684052403,0.08703634485092039
113,172,DE,0.5728538406653404,0.10547078389971759
1203,1105,FR,0.0438916702312569,0.07077726696563633
1638,852,FR,0.2534526895640419,0.11207010647225726
648,305,DE,0.8230692420732499,0.01855925955042466
1723,561,FR,0.2545427788758378,0.14159034291844458
160,1071,DE,-0.4107785599250003,0.16384973505936085
1269,331,FR,-0.0696434508974464,0.09528571732727262
208,1097,DE,1.162871280840961,0.0936204068025731
1292,1027,FR,-2.788407858199928,0.10462328980786187
81,298,DE,0.926396008311337,0.4367644612309527
1416,1110,FR,-0.0620049160426157,0.12442163592484792
1162,264,FR,4.119635124210152,0.086160955068221
481,278,DE,0.2031260121221997,0.08947746763480066
503,424,DE,0.2210068579786695,0.12487109338904065
1462,763,FR,-0.3259613075106198,0.10617266342487533
1862,542,FR,0.3678285187906164,-0.10875674961926726
1905,922,FR,0.0972053126606857,0.16561768555155143
652,20,DE,0.2809889254273608,0.09685149798619985
393,566,DE,-0.3294034648571807,0.15136582371651966
499,27,DE,0.2459953503205894,0.10830903979276085
97,220,DE,0.3063040136767319,0.11508743005280617
1791,647,FR,-1.5836985271950508,0.07666771183246661
1997,899,FR,-0.3919621388550618,0.06681012232830813
401,325,DE,-0.0770933258236665,0.16338042688492477
1705,538,FR,-0.115046808237023,0.04103054296867166
915,290,DE,-1.3442689994146844,0.039722198568491476
1810,122,FR,-0.1735532391868046,0.08974367476106015
1180,227,FR,-0.6842150244493632,0.14329084843464562
1137,145,FR,7.786577856046542,0.08420051950497498
257,1199,DE,0.8989816613285845,0.22157709120253574
1567,904,FR,-0.0090326035752196,0.08750943267511671
2100,422,FR,-0.1226336269415234,0.10276633721246564
561,423,DE,0.3974782423445324,0.10682504691526896
1990,642,FR,0.1906157192528001,-0.017114330063976915
1662,1111,FR,-0.014816438411143,0.19825896975770035
1189,1051,FR,0.5819920523589303,0.10625686837405712
1665,678,FR,-0.3125664450334488,0.019801731331676703
1584,1193,FR,0.0054831517773448,0.09929707648831718
1384,1007,FR,-0.4691550661856855,0.14835026142915286
477,1037,DE,-0.3899724952428711,0.1729220923168883
677,124,DE,3.989398100190254,0.09990844364575727
771,1212,DE,-0.1443196937413531,0.04386890046151154
609,586,DE,0.488654678459654,0.11522754123430418
1559,505,FR,0.0380644476934263,0.13459650144330199
966,777,FR,0.6322824490839929,0.16665181169189797
656,101,DE,-0.2048618810021035,0.16159123051938012
831,5,DE,0.0263742542420065,0.26403331901213206
552,733,DE,0.1041830166182424,0.10111577598745293
600,463,DE,-0.6574228761950716,-0.11478730875821214
888,68,DE,0.2030099361690079,0.15331839524413493
2142,701,FR,0.9576277935887796,0.07128514805192791
1931,147,FR,0.030617364570009,0.09123962538131304
1055,848,FR,0.0357572628065449,0.10704304964031253
1031,1020,FR,-0.0143412300984911,0.1032068125066084
517,286,DE,-0.9500889388296476,0.06539423671710537
1617,325,FR,0.101489471559144,0.09836176697919721
1440,884,FR,-0.0986142670498717,0.0049684056867507
1017,151,FR,-0.7640553864121279,0.03479167388614709
1777,423,FR,0.1747702867600408,0.018924278943470325
330,144,DE,-0.1780147010568268,0.2359085163217048
1287,169,FR,1.9117814135518425,0.10168216968729024
2126,380,FR,0.3751463372066408,-0.009094464600355522
1987,1212,FR,-0.4254738667008607,0.038277644286411866
836,517,DE,0.0050574069679743,0.11571895177234337
1779,97,FR,-0.0114008293207926,0.08901804306200345
1048,894,FR,0.0031061885676728,0.13339415869563892
1673,282,FR,0.121494653883901,0.14724099563709533
761,444,DE,-0.5317068969710289,-0.06274628358925205
1847,481,FR,-0.3359305748680092,0.07137375924456497
869,327,DE,-0.6137661028642194,0.06708634959435045
476,679,DE,0.2068754091606022,0.12934963128917584
1890,573,FR,-0.2517675601286914,0.35413149643969766
1013,368,FR,-0.1872463659185068,0.10161781060066552
266,461,DE,-0.1961981637924055,0.13988832914072827
159,315,DE,-0.1877711410294635,0.17914711346217543
1153,224,FR,0.0446030585017475,0.12884943687726877
1948,556,FR,-0.1289572728027386,-0.01992742988591272
1645,1187,FR,-4.030636232302142,0.15117358600785022
1892,595,FR,-0.0355014100553671,0.10410754076207925
51,948,DE,0.270509715285859,0.055713381842866824
849,610,DE,-0.1635609488695476,0.10482064882093409
1678,336,FR,-1.9533286661051172,0.05582627568017211
2067,348,FR,-1.6738783908062822,0.0869454220073521
1387,82,FR,-0.052358216045806,-0.024841488042731345
991,1109,FR,-0.0277586957348518,-0.06185670476267213
686,165,DE,-0.0069890458846239,0.12836729677268102
1580,622,FR,1.463850236500836,0.10536625538050663
1249,1127,FR,0.1019477251315218,0.09669054961821699
977,228,FR,0.1569768573516091,0.0868759059546293
105,1017,DE,0.3003039059887394,0.11333135511167078
1383,662,FR,2.620018723467941,0.09610491210262599
1228,1092,FR,-0.1204912994686337,0.0995271515998121
197,713,DE,-0.1959016969960536,0.10285428001819902
40,844,DE,0.0,0.22763805978031768
1682,1044,FR,-0.0476945160212343,0.12203269859442509
1208,637,FR,0.1293498930778165,-0.020772404204475785
122,754,DE,2.4098959945625875,0.1217058883542679
2128,1055,FR,0.1285473234801262,0.08384772270103043
1397,855,FR,-0.2043520103197777,-0.08587720984303981
543,199,DE,0.0957462255460049,0.1304092063432853
404,994,DE,0.1671473833238881,0.16121753100124842
1442,729,FR,0.5595949836560642,0.07946410524956232
498,355,DE,-0.449620032587097,0.1134243116335301
1578,425,FR,0.0330965198480892,0.10962166920089922
1003,680,FR,-0.4896102284255714,0.0856107635957033
965,212,FR,0.0244974863355818,0.2200972082279028
1437,604,FR,0.2012235327531393,0.04289278366475152
94,430,DE,0.0745608640589027,0.12856509773689734
327,1100,DE,-0.2342175782781388,0.12326383890067807
2069,94,FR,0.5083252868834233,0.1320034967128504
1025,323,FR,0.0986098192823746,0.10208658844785487
1260,901,FR,-0.143929519021305,0.09339088277865955
548,137,DE,0.6059101658410553,0.14451545541643962
877,968,DE,0.3796642294235667,0.12524580468948676
1078,312,FR,0.6118734348428225,0.12480045965285014
512,905,DE,-0.1477760746006843,0.10335435716605458
1097,76,FR,0.3130085215962033,0.08878383125125083
390,788,DE,-0.1676407217700289,-0.030365939355683443
360,247,DE,-0.0478190931205547,0.17060836656674241
643,413,DE,-1.4162905396790544,0.021774630016987404
1684,859,FR,-0.0564325276664669,0.08045289600637714
1146,119,FR,-0.2039002351180473,0.10257875887237414
749,715,DE,-0.4109709713860532,0.07152328655502771
1964,1083,FR,-2.2209873540484737,0.11616432651997906
1593,346,FR,0.0582711713490274,0.08683756108335176
1800,1148,FR,-0.0272757978574931,0.10239224941172678
1936,1144,FR,-0.1406447091163596,0.06224005979643099
1420,816,FR,-0.1287188765404996,0.06353607526079387
1225,821,FR,-0.6310493227049031,0.04468860001003197
618,180,DE,0.3117722102660568,0.1555038467378611
557,797,DE,-0.3588286798962573,0.10522740371948752
862,914,DE,0.0652709777990065,0.10341745125330531
566,564,DE,0.0331388464362437,0.20485110463007283
388,341,DE,-0.110916141277801,0.08744317803294975
310,143,DE,1.4378258340015924,0.05481158853393328
1836,1145,FR,2.358063195788473,0.08040907864672482
1007,401,FR,0.066491949614702,0.10031805141718667
198,26,DE,0.3078658709081291,0.10997768974566033
2084,973,FR,-0.396123720461011,0.10086060141112277
46,31,DE,1.0916062120939791,0.09673463979498698
627,21,DE,-2.5672496956045032,0.0011403976628590953
1799,23,FR,0.1051106312576148,0.2982776413317585
957,157,FR,0.0366346041646938,0.11232634423666699
34,654,DE,3.692449681093513,0.013937656158464071
515,910,DE,0.0054209770662817,0.10407485626191777
1526,143,FR,-0.1657583397162122,0.05135671759091416
1921,648,FR,-0.0610319701561727,0.09634374201917961
1027,1158,FR,-0.0215479106107241,0.09987312096879125
306,207,DE,-0.0597462541668841,0.18884202044551934
1981,99,FR,-0.0250816447556268,0.062271070736545434
532,862,DE,-0.3430914262818244,0.18202700826022994
886,567,DE,0.6509153614940533,0.09539878615391298
130,232,DE,-0.7579629984816758,-0.3374951099309999
1456,626,FR,0.090353008833855,0.10014460383196602
572,521,DE,0.4313154374162594,0.1423027350498063
843,526,DE,0.2279228930250718,0.16845016071779592
1867,1088,FR,-0.1943069565917564,0.06989216992453587
1330,86,FR,-0.2103172513471044,0.06202717125690535
717,861,DE,0.3377810228021261,0.05108235905670487
291,277,DE,-0.1483856497798246,0.19116293492499759
2146,589,FR,-0.0203031342892042,0.14806722197398928
1015,717,FR,-0.162473593093862,0.1529264848856125
1443,328,FR,0.2355673783953747,0.12503292169713692
1130,314,FR,0.0546752999617934,0.07335725664420917
163,403,DE,-0.5274285547788218,-0.015977578230194498
1193,838,FR,-0.0539922408117844,-0.1180628932474713
1734,974,FR,-0.0181766868752873,0.08117678865703937
1713,535,FR,-0.2641303669526038,0.09216113397265233
1372,712,FR,-0.0979028833484152,0.14764920673775944
1405,183,FR,0.2467676945797175,0.030606482708878172
2002,579,FR,-0.8858006618694314,0.08398750053872367
469,557,DE,0.364170821679209,0.2866125452559581
1698,677,FR,1.316289705106784,0.10682410035150286
1980,1086,FR,-0.1308835005624561,-0.03631183937966666
1094,1196,FR,0.0536518399943934,0.016370108025195118
1934,565,FR,-1.861136752315092,0.08133820812832368
765,99,DE,-0.8452717989145807,0.03206011950783633
1803,545,FR,-1.8014218143611442,0.08636728592195012
479,1052,DE,0.9460897554164676,0.08266797369039379
523,436,DE,0.6744157688243966,0.10699764670070283
1533,591,FR,-0.0438401575483196,0.05383068052830975
1423,482,FR,0.2795339478559069,0.06082341610888599
1030,1122,FR,-0.0488175597130015,0.08999230667810774
502,815,DE,1.50380474479175,0.28483102167271557
344,640,DE,0.0955788888478679,0.10657369104525466
1624,803,FR,-0.1923528083380526,-0.021540927795030376
1625,426,FR,-0.030879542233631,0.05492101015651554
1879,460,FR,0.2546783097460069,0.06424703038646075
1622,627,FR,0.1121800057527226,0.10578054211581553
1207,900,FR,0.0590476830856412,0.068478693808296
42,311,DE,1.2129769581082497,0.13473202780923832
505,1207,DE,-1.3245552289117648,0.0040197354816217945
829,1178,DE,0.7509507854764812,0.1343117476471967
1686,73,FR,-0.1231657471910432,0.2015072176643915
1209,688,FR,0.7669923289059513,0.10130135400485651
1832,150,FR,0.450276034378997,0.11789606688514762
1568,909,FR,0.0227591523925241,0.09325850580102023
1134,963,FR,-0.5016558269639599,0.19648888159292988
654,697,DE,-0.6397130551733168,-0.007749169632907912
762,1117,DE,-1.1922175054486517,-0.08396158949042767
281,820,DE,-0.9320105306445942,0.21806242117004798
780,195,DE,-0.0905521974189773,0.12765083812675257
1876,956,FR,2.271506244415918,0.11145579719344531
32,60,DE,0.5463014214763021,0.11785185755427793
1139,630,FR,0.1032069076791701,0.039613977256750685
2123,666,FR,0.144098472583056,0.028419079973994926
1911,554,FR,-0.3551875380079332,-0.050402373517455475
725,1168,DE,0.4503195310139053,0.12453626934826267
731,1201,DE,1.908309941663431,-0.3914035652143536
626,895,DE,-0.1382629017488389,0.0919377256624816
908,684,DE,0.0656394600170174,0.11566823634488943
1763,608,FR,0.1729436758073272,0.346971876547162
1288,294,FR,0.0494696202765264,0.12842456038593733
1669,739,FR,0.1933105787342808,0.05478152601300658
365,537,DE,-0.4433870226195858,0.11147439375250007
350,287,DE,-1.009116074887046,-0.09420973643565364
1839,773,FR,-0.1249531819505346,0.09329831702351282
1275,671,FR,0.4853513788780118,0.1074722359271239
396,409,DE,0.2067703108648003,0.06530082484631122
907,666,DE,0.3676756571732782,0.14350248841253826
293,941,DE,0.546469696497099,0.14917612573731365
207,482,DE,0.0310240992320701,0.06683019202623929
1464,267,FR,-0.2842134201248948,0.1179636659095958
1453,988,FR,-0.6114027507717267,0.10542832351919838
1982,893,FR,0.0302450775871433,0.022604546869347892
582,908,DE,-0.1199666095843162,0.44759282753717117
783,446,DE,0.0317617060471167,0.09242566170651044
1428,189,FR,0.0948474913725597,0.07477269939891446
736,663,DE,-0.0732552492248686,-0.19864044918942775
940,802,FR,-0.0027440923878123,0.08106870128672088
148,950,DE,-0.515611286652884,0.24508072872109504
1851,178,FR,6.094297093901249,0.12185960500713533
57,434,DE,0.1553908482821246,0.12452407560508834
500,957,DE,-0.5237674847167819,0.0986191931721824
1716,957,FR,-0.0435050969468902,0.02698534751382689
1756,690,FR,1.33738033913531,0.038371005091786876
1366,851,FR,1.5260037944695437,0.11509628278462486
1156,418,FR,-0.4655104799405332,-0.02590166099586337
1960,347,FR,-0.8347140594410306,0.13839149644319707
422,852,DE,-0.4606912139063166,0.05462898384819605
1081,734,FR,0.0978682270379194,0.07146417213973918
96,828,DE,1.11450278379546,0.10686460444423744
727,1200,DE,-1.2285536629134994,-0.026840453073837766
84,512,DE,0.3941352560222234,0.0729688969234585
1704,500,FR,0.4292581070712863,0.059852546097351904
871,12,DE,0.3935574874138453,0.03925223135863369
1649,127,FR,0.1812127214812662,-0.03978033236304651
767,495,DE,1.8329745419633487,0.10699624461310678
1253,1058,FR,-0.3859093243772148,0.08550306323112919
1447,806,FR,-0.024934224286642,0.10527038549739604
728,935,DE,1.412278631281769,-0.030089880413536024
1091,987,FR,0.0988867608307274,0.09576555848815488
1548,344,FR,0.1263785105246793,0.11772818524812545
689,922,DE,-0.0667336031116626,0.16267350667801128
298,318,DE,0.9327102238539832,0.10394147138343232
787,473,DE,-0.304470216677343,0.10152312951892012
1831,1054,FR,1.7048395685479911,0.03089435376898402
1975,1012,FR,0.3906493519658994,0.11021790551985833
77,374,DE,0.2181535905601564,-0.08599418845293348
933,992,FR,-0.1745390883414931,0.07839488618657169
1090,1066,FR,0.0240871524123741,0.10127340676149844
1843,21,FR,0.2054735970968143,0.023156085282340314
1360,469,FR,0.0090877776734231,0.1917351447623093
1219,872,FR,0.3810734311083479,-0.030328085834607152
2117,284,FR,-3.579195661060448,0.10073455913240599
275,105,DE,0.8126532291912427,0.25991553610209694
1179,1,FR,-0.0633694831342359,0.14116077870523325
844,231,DE,-0.1450544076166469,0.09862450338195913
1188,812,FR,0.1745169132746823,0.07189471721499748
9,821,DE,5.0164912760257,0.03960896937539657
708,687,DE,2.3981149157392565,0.2550717751694105
206,831,DE,0.8984003299046552,-0.0017337431559713227
1132,465,FR,2.1332317679055874,0.21357309272483854
1697,278,FR,-0.0625100244570554,0.09132003004536585
980,875,FR,0.0361970124665089,0.1446499141371449
2124,684,FR,-0.0052696086207024,0.09583817503664224
1822,696,FR,0.1028472742007821,0.06619187441512711
2082,389,FR,0.9512920127130176,0.07929264959631675
806,266,DE,1.860895261958436,0.2033022525222981
1274,42,FR,-0.4134741120068759,0.10372039054933141
1894,623,FR,0.1106038982785562,-0.008158289844673447
1123,945,FR,-0.806519406653124,0.050092672172038694
2012,711,FR,-1.5386335740304964,0.027069786769376766
1086,383,FR,0.2741455977722489,0.10545496667677576
1621,606,FR,-0.4130981265701279,0.10720501243676518
990,1153,FR,-0.0379166486528051,0.06007228926871824
2045,1178,FR,-0.3122850951983978,0.10617922994220866
2110,429,FR,0.1331856415441862,0.0004516021591595837
258,117,DE,0.3410064109298197,0.15474420175922685
896,412,DE,1.4833764787839634,0.10334829104021179
1949,686,FR,1.9768145455603297,0.09267347041213687
1426,593,FR,-0.1987311804984774,0.09094753850227535
1103,787,FR,-0.0320756802880105,0.0960083918517096
866,389,DE,0.0057976060942834,0.09391517125800375
1096,511,FR,0.1049157872831339,0.09828448417625699
1435,361,FR,-0.0190744163190597,-0.013730476772057729
1165,110,FR,-0.90624813963732,0.08105041923517647
797,907,DE,0.2168235831843266,0.04068598549703577
1133,931,FR,1.4000026498727791,0.09669848244431406
522,188,DE,-0.1526401073763283,0.1862150738371169
944,594,FR,-0.1086046977039142,0.12098175833733833
1046,471,FR,0.1741715094470439,0.10158207434790864
1528,503,FR,-0.0469728448500607,0.10710273214989172
2027,718,FR,1.8002637842160696,0.1048244794132196
826,653,DE,0.1598929916700161,0.09130767135892104
1861,1129,FR,-2.0363089098186062,0.011181356759797322
1370,194,FR,0.1834108393721853,0.15827215467594374
630,791,DE,0.4144066817126663,0.10734885094252491
1602,456,FR,-0.0948498104643428,0.09501035215466219
533,896,DE,0.566304198030694,0.129517741299408
1297,298,FR,-1.2963332045316116,0.1955798573763992
1929,781,FR,0.7900659364234193,0.31191780097990646
1234,269,FR,0.5393499445586446,0.022725652366665818
1969,270,FR,-0.6332266114131673,0.15052167347094655
631,481,DE,-0.7026097104456052,0.0751320637371386
1727,833,FR,-0.1190756791841793,0.09976987993612593
65,645,DE,-0.5535800728993042,0.12127657588045915
2053,479,FR,-0.6863790274074284,0.16811183660245377
930,589,DE,0.5547609953585945,0.19288169897060176
214,170,DE,3.267057968061449,0.10146608007505392
379,131,DE,0.1379009590044847,-0.0517259351877385
101,107,DE,0.6775461571936908,0.10658097577730147
251,700,DE,-0.8137570460603755,0.00511581232113547
506,330,DE,1.712548198625102,0.06352902895461895
2074,175,FR,-0.1096319544682219,0.1053790645437588
1111,766,FR,-0.3014328052941887,0.07062355918942888
1620,994,FR,0.533219587096887,-0.025862857488278185
950,354,FR,-0.1880830303571121,0.06405233629369601
1859,413,FR,-0.0589233092449205,0.03453802553302514
860,281,DE,0.1944139447325376,0.10584451344791984
799,778,DE,-0.7564308319003511,-0.18421255988979318
1945,598,FR,-0.1683535476314359,-0.07029546272171386
586,918,DE,-0.4000475047023455,0.08088235393429134
878,1024,DE,-0.4447891930385669,0.08498449934728004
1616,152,FR,-0.0289206267274922,0.12510356811909076
1306,1147,FR,0.3601597349714965,0.30960311275712815
1065,313,FR,0.1565745741397572,0.06891504778413463
551,533,DE,-0.0089481522291659,0.11915279799392833
296,1042,DE,-0.436680756746449,0.11240448605555689
1640,1179,FR,1.5744100083155168,0.1495176180786391
789,580,DE,-0.004546294075968,0.08927984717612553
848,624,DE,0.1523266999611395,0.05722448857214163
1128,805,FR,-3.5179024077234646,0.22421612082108336
1840,257,FR,-0.1651606017191333,0.09729816339627442
1583,1016,FR,-0.0363971852585491,0.1016478561417901
601,980,DE,1.5967329101046197,0.04622406733686951
1169,509,FR,-1.105775684018789,0.148817821010408
468,859,DE,0.4542766086584939,0.12097062241874576
1581,537,FR,-0.1116787936203588,0.16585433995710241
1445,780,FR,-0.0201779390449242,0.08159314785459841
2093,968,FR,0.056075814490358,0.11100071041891983
2052,517,FR,4.199754624066625,0.11407079983457355
386,456,DE,0.3338302331671665,0.1419600739982017
1576,247,FR,-0.0433873754373615,0.0972930180889219
781,899,DE,-0.0090071221246957,0.09440670078649172
455,262,DE,1.5621927955654422,0.0039341375291652644
994,699,FR,0.1679956909720533,0.10262962577670615
1051,491,FR,0.082465242742083,0.08217689592628596
873,668,DE,-0.0964084078684764,0.06854632990745967
595,771,DE,1.5015344996240618,0.0914392412048449
1853,337,FR,-1.022690068162254,-0.0003871319565789122
252,742,DE,1.2565672424416712,0.23493701213934132
1609,566,FR,-0.2489997171544637,0.033030128377088956
788,204,DE,0.145286953979628,0.002054150409995903
1689,497,FR,0.064577312279689,-0.010520220303641789
1701,345,FR,-0.0524545300368256,0.06746025373897975
406,627,DE,-0.2089217518116229,0.13828422749288172
2036,222,FR,0.1566246779406468,0.10265727775553576
845,319,DE,-0.0634537942033697,0.12055331614323396
1925,961,FR,-0.0949821328142924,0.09607828147481073
377,346,DE,-0.2406715602535185,0.07876529248767336
380,508,DE,0.1181265869780779,0.060141574431278405
1506,1140,FR,0.5855456460121199,0.09606645685223159
1008,698,FR,0.747732186353253,0.09387193458307923
613,357,DE,-0.3253800570073072,0.0908539176664186
956,75,FR,0.0728226543170659,0.12745960350826427
376,457,DE,-0.3396882153443979,0.0913879900737147
1319,765,FR,0.4721104860190436,0.09988423351700901
1498,1202,FR,1.877651310551516,0.09622785915290305
1572,398,FR,-0.0062020355455012,0.09498491050798116
587,545,DE,-1.8787228020883493,0.06762868965813437
202,371,DE,-0.4669603808783663,-0.04023537857933489
1459,724,FR,-0.2822118773613684,0.0927094030147439
1577,442,FR,0.1017295914406093,0.10902004160978304
847,525,DE,0.0226172386671516,0.09229388800300128
352,909,DE,-0.2218004089293592,0.11236298968388886
2029,445,FR,0.5171902864476661,0.09143911130389545
1045,487,FR,0.0208667823827881,0.09308438338137408
465,155,DE,-0.0464191131458751,0.11012768472434213
1071,986,FR,0.0399917243109661,0.07175487938239211
210,593,DE,-0.0244404718442556,0.11624119708572747
2091,878,FR,0.0324883271941865,0.07944263444431064
1736,14,FR,-0.7049434624604519,0.023426856750541413
288,1138,DE,-1.7277291583355727,0.2102487570699958
170,378,DE,-0.8140812154922924,-0.030965141957852053
1592,457,FR,-0.0507306883400237,0.0468310755915113
1226,365,FR,0.3860308007238704,0.03038534302470771
12,1092,DE,1.0510265180418132,0.11512602131149416
1970,1019,FR,0.2833482920728566,0.05233410074293678
1333,602,FR,-0.5868676208637797,0.09052474891590703
1472,616,FR,-1.016041042910534,0.005581821782966616
861,106,DE,0.150670330764687,0.11955996263535082
1596,508,FR,-0.0059020385780346,0.02335752886019363
1829,357,FR,0.3558177880222606,0.08966785075787032
714,864,DE,-0.5994157532501534,0.11459803749447214
1739,436,FR,-0.0031665447066927,0.10218669629710943
33,1127,DE,-1.8519493205608373,0.1331032279728593
1857,1132,FR,0.376436023881784,-0.036539407346950076
181,855,DE,-0.5191792182158081,-0.16705652866803805
1943,1200,FR,0.0481508042959739,0.02475022367186402
1076,978,FR,0.1332458287593722,0.06444944109826521
779,7,DE,-0.0212271879097361,0.1190155521565294
937,65,FR,-0.1000062251874798,0.0928585906952998
357,49,DE,-0.1015020037624188,0.12624854379640138
1315,746,FR,0.1099803714981048,0.08877548785349032
117,602,DE,0.1715879457241257,0.11345098877470164
733,686,DE,1.6709160660469011,-0.006881368338162462
53,331,DE,-0.4140974570525368,0.12069049372746397
2017,377,FR,1.4725866223191295,0.09927044857187534
834,391,DE,-0.1988565275150885,0.07430304964562412
0,1190,DE,-0.1635301336261659,0.15103643813700574
1357,1077,FR,1.005468933170814,0.10106728913741361
961,322,FR,0.0303958000339872,0.10703243425886716
1856,920,FR,-0.4268534615180445,0.09960771216562506
470,73,DE,-0.8155589700452064,0.21070435302514776
713,781,DE,0.5983488615045693,0.3700168868531137
1281,645,FR,0.088895009855855,0.10087162831555166
576,258,DE,-0.355585697259512,0.14961887477119273
86,605,DE,6.009904429692065,0.09179648088342297
624,257,DE,-0.2048356049545818,0.1416399863225894
993,50,FR,0.5564265647042352,0.15793612598231524
1513,720,FR,0.1241057758888265,0.07932158607454813
295,656,DE,-0.2724923793330788,0.11553937225628408
460,767,DE,-0.3797937411438354,-0.04516920327287815
1204,1061,FR,0.0474378213078081,0.0600234344411779
1346,232,FR,-0.317920204808273,-0.1425293718201418
1837,1075,FR,0.650135468359047,0.10250271722519697
1121,215,FR,-0.0179203182360677,0.05942049104126802
2,38,DE,0.0107742667109391,0.09454802739843254
1402,877,FR,-0.5407252019901461,0.15476341039662078
1749,896,FR,-0.1679633513008815,0.10471715047301489
901,284,DE,0.4897216160235123,0.09991668043644278
520,14,DE,-0.1608231303730808,0.014231959217486049
1667,387,FR,0.0650552253141344,0.11139601570521097
1883,643,FR,-0.0708411918416015,0.14318146569996143
400,152,DE,0.2718434473573954,0.19568989454238644
913,1184,DE,1.030481077195008,0.054115337986086816
1972,675,FR,-0.1878718682929803,0.20525367069642358
1309,638,FR,-0.199549815781533,0.08970004663571304
409,426,DE,1.3234100022451676,-0.0035787765970992855
332,344,DE,0.1505828963214811,0.12647388310456523
2048,108,FR,0.0625722970261652,0.09893516619066164
868,973,DE,-0.1297470601877865,0.1013280669123644
444,689,DE,1.3282652194560196,0.30012533603611224
1270,363,FR,0.3847139399014405,0.10253296604071385
1279,807,FR,-0.0039202311275543,0.15858850735389696
875,878,DE,0.423372920654022,0.10091050500723149
1522,207,FR,-0.0638302406963516,0.10093493041955395
1882,205,FR,0.93360856420472,0.1211285852092121
1353,990,FR,-0.5274675899634603,0.17195364268372432
1957,792,FR,0.2009054615149124,0.11386919243340793
1066,596,FR,-0.0893177954088196,0.11219869819812778
127,1021,DE,-0.5984357147928642,0.07840120867800073
1327,2,FR,2.575976368425104,0.054689013327155006
446,1111,DE,-1.4616473248856607,-0.045767665128363944
1136,367,FR,0.092026074021544,0.10648699408002454
2059,526,FR,-0.1581176093039566,0.2146133466414338
832,108,DE,-0.131542314551415,0.1248943981343266
162,856,DE,-0.2338966226281718,0.08329975201469782
1612,409,FR,-0.5241852594193712,0.07186212967450223
979,273,FR,-0.4048802178794284,0.10593089298868172
320,847,DE,0.2477354053154064,0.11546947620971545
1286,1063,FR,-0.2493859143359585,0.12755765374451578
1588,732,FR,0.0535192558730003,0.0294108977963567
1328,41,FR,-0.2052068990211122,-0.12660797715404273
1909,420,FR,-0.689365208549806,0.009167513715953098
1163,1064,FR,-0.3673921981944186,0.3522819557402126
1316,340,FR,-0.0218999726403202,0.11501833479218418
362,425,DE,0.0184397516273234,0.11786524937371184
1877,552,FR,-0.5834998876750088,0.11327185725028174
1766,1112,FR,0.5425245227119305,0.11062880723489232
709,961,DE,-0.7836985963462354,0.018284444387023688
1186,439,FR,-2.4318255061875624,0.10596512729583776
1798,908,FR,-0.0707747718910266,0.2622550287541995
453,739,DE,-0.7333253746510098,0.03420296413236526
1064,283,FR,0.13532448101066,0.084434418807154
2068,1008,FR,0.3534174922145418,0.0573081452992005
66,201,DE,0.3657609259301755,0.09236416428500649
1864,305,FR,0.1433450605685801,0.09660684563381128
2102,567,FR,-1.511113540254561,0.03292287440501931
1963,932,FR,0.0076175089647179,0.03691709050995537
2131,290,FR,0.0205085700549887,0.0358519893990454
1049,1215,FR,0.0296231537780269,0.10305321005072543
302,1183,DE,-0.1152367907247626,0.11373614265551
594,122,DE,-0.2471983583502343,0.14302096674222223
1141,321,FR,-0.1877497143849135,0.12963317223525828
1680,783,FR,0.0261168049960744,0.09872405570037868
1324,1032,FR,0.1693791756141858,0.09846433659079348
910,380,DE,0.9089499968764686,0.11694195867785673
1176,114,FR,-0.2264956701152907,0.08640428833261266
942,1141,FR,0.0164418110632994,0.13942114784786458
371,650,DE,-0.3284870538821685,0.10724193139985497
1345,1169,FR,-0.3259502499730545,-0.02682142582956519
167,662,DE,0.3570009850020127,0.1570310425089251
663,460,DE,-0.5034215799661689,0.17318476746669337
1511,656,FR,0.0237482747410644,0.09734853340319397
972,1209,FR,-0.0217658631016239,0.11022351893391294
144,469,DE,-0.7208472921655431,0.13651389210666687
2025,229,FR,0.1556893412585117,0.07457626154043875
1191,1162,FR,-0.1787794848339245,0.02107281221539866
47,673,DE,-0.0332661303735314,0.10929121009190584
71,169,DE,0.696176185968354,0.09891597489234949
1192,1113,FR,-0.48962254297868,0.054393957960005485
2056,954,FR,0.0716297785397424,0.08198371529695887
639,297,DE,-0.8298694956635877,0.09019735506201443
1538,81,FR,-0.0521245745676266,0.09717468311759994
2078,914,FR,-0.1039804563606746,0.10899815330437385
1267,948,FR,-1.3331150904321734,0.05045330024582173
735,399,DE,-0.1357255592420804,0.09754569521339773
1848,474,FR,0.2116841900481017,0.030023402536333347
472,1213,DE,0.1475866269738732,0.035584949507922015
1262,31,FR,-0.5767950029873511,0.09049311235492166
245,272,DE,-0.1043457588021221,0.11978557615235988
111,2,DE,0.861269970415545,0.10684736271214176
1505,351,FR,1.047058038764355,0.13027020047623616
1378,856,FR,-2.328779320092843,0.0015551220359147772
1817,980,FR,0.050094195087029,0.039017553429926605
992,486,FR,-0.0087894928692421,0.11163169540262055
710,329,DE,-0.9146830800004476,-0.15621721885681591
1321,1017,FR,0.2299694804589743,0.08849998390589806
1952,663,FR,-0.2648527196480141,0.08343571770895133
1896,1098,FR,-0.3440032676752577,0.07919617924221539
1483,1156,FR,0.978181860135656,0.09720589594578298
1140,90,FR,0.3221475906069079,0.08434320346260338
1484,179,FR,0.2379984274040587,0.23629187139895963
1768,733,FR,-0.0608787263776232,0.09796942928229008
1254,61,FR,0.1558638585348807,0.056266727134886445
1218,38,FR,-0.0946858842800785,0.07748144743938394
1776,510,FR,0.1082773541571139,0.1017692788727261
39,92,DE,0.0933227081091669,0.37649972769695306
391,78,DE,-0.0152611170241675,0.027409967021072276
1401,985,FR,0.8276360990781674,0.07763596560555196
1728,905,FR,0.0496183358318719,0.10879491719063272
342,87,DE,0.1102061588837901,0.16783131390775116
459,809,DE,-0.1725968758700824,0.15812617184860828
1674,887,FR,-0.0635457354028409,0.10867070119718403
748,1083,DE,0.1517974463603419,0.13305188344711966
1454,1133,FR,-0.6409171181955207,0.13664346028003266
359,1118,DE,-0.2527638863815694,0.04649267558775903
