ID,TARGET
1115,-0.24054739674203765
1202,0.5657690223044364
1194,-0.832453860638647
1084,0.3805955390216865
1135,-0.7069050980210204
960,0.8620332549291728
1131,-0.6140332239549346
996,0.4429379429527627
1085,-0.05882843547796751
1063,0.4792189482657453
1035,0.43082050316369846
997,0.6993299506616895
1042,0.07188340671634352
954,0.11542402440222665
1126,-1.0719519762854173
1122,-0.24036242238899652
1167,-0.5372773157948392
1125,-0.5413988601870876
1019,0.7860195154934553
982,-0.5463782447878347
1175,-0.343501266177336
1083,0.17785334998955354
1161,-1.2868644289071116
1061,-0.17088310421714437
1044,-0.0929501159412246
948,-0.05656177932604333
949,-0.8765054304651281
941,-0.9165864665045722
1001,0.08623743121336633
1190,-0.6180324465913887
943,0.06061113823036842
1011,0.12496555740904379
975,-0.26449951514392817
1213,1.0572131403925467
1127,1.0097176307755011
1039,-0.2124893362710359
1196,-0.9479041680377389
1171,-0.34845918409976595
2028,1.0843071439038836
1746,0.3380663578976647
1608,-0.053168560836804976
1356,-0.6706855910488391
2008,0.1015849101006086
1390,0.12887943487374198
1337,-0.1531303767217005
1830,0.6355784682762973
1217,-1.106447817810157
2037,-0.10209702625590236
1989,0.05107396677265655
1984,0.0075899985762826454
2147,0.8399785147399679
1496,-0.4830154535520075
1521,-0.23417852286701873
1935,-0.08357579859386231
1994,-0.5034512613243762
1389,-0.4728037148538722
1433,-1.0001431001467471
1371,0.07170198760216459
1469,-0.0436629400600025
1956,-0.36600671116449757
1889,-1.1241998853477764
1708,-0.2749112334801621
2071,0.7593919798965754
1407,0.05494733279103752
1339,-0.6449266832719175
1582,-0.6050882278695625
1805,0.8230209637762537
1627,-0.9794258704825483
1570,0.2734598374369883
1232,-0.09975968303261279
2109,-0.3718025303770975
1663,2.052526557842679
1664,-1.7453617673552646
1590,-0.0515733848621513
1465,0.03744554051125788
1466,-0.2396685104654258
1458,0.42579630189405426
1741,-1.0868771565230078
1245,0.09455827499615409
1444,-0.5791013609474016
1920,-0.18186027092933643
1632,0.0861363985647304
1439,0.12705176372071436
1358,-0.05397859311184358
1238,-0.1295407210872954
1551,0.0751710340893238
1404,-0.13103660330442593
1789,1.6363802919045614
1393,0.03620831413493008
1668,-0.07122043905736665
1264,-0.8085318989146214
2106,-0.45290145955110417
1494,-0.9242882981363145
2088,-0.9872980487949157
2030,-0.08172831802291311
1642,0.6689040749128127
2095,-1.0719017865452525
1771,-0.4581289965059117
1589,0.5922180157901611
1959,-0.44425872300204766
1961,-1.1879027692839124
1760,0.06431913686723609
2116,-0.8719326927035973
1336,-0.289464423651258
1824,0.2649267298268539
1574,-0.27096956009559386
1223,-1.0802990868946174
1717,-0.0762574068680492
1555,-0.16074517239543945
1998,0.470675465750503
1691,-0.6399462062808684
1600,-0.2607550375580843
1992,0.20997938927109494
1958,0.545901568526855
1487,0.2428288323644966
2092,0.4660242797687496
1647,-0.42616874748136246
1807,0.6765739123485023
1650,-0.057577963572305435
1613,-0.7337804390543504
1778,0.5727128491834278
1914,0.6756194061536847
1550,0.6581647884502387
1923,-0.49786173448539744
1347,-0.3472039576372404
1974,0.16913034155377488
1885,-0.6685476454459909
1845,1.4495639942287548
2033,0.0824264597458802
1657,0.7191781362179022
1884,-0.4054863750074075
2136,0.9963130554049433
1227,-0.2018934288159537
1325,0.2852491078938096
2098,-0.08773206069831466
1783,1.1167620906166262
1774,0.45867424883707847
1290,-0.06597256029865997
1904,-0.7532536343023182
1679,-1.160853636521325
1285,-0.23349700362188983
1643,0.3082644308426199
1740,0.19897557163200247
1954,1.7150743118775018
2120,-1.070914093991017
1785,1.1316784216032567
1633,0.6441956852582377
1427,-1.8785425200581525
1985,0.40762677907968703
1630,0.6078598871216903
1298,-0.42032523497599067
1441,-0.3769089807715967
1918,-0.09012655922211951
1240,-0.7540555483478721
1903,0.6985235768383502
1838,-0.8529050922158319
2009,-0.15770931573779443
1523,0.06354211676330505
1259,-0.3575867058702502
1666,-1.0817648048208979
1373,0.24831828436104803
1251,-0.43585209100319133
1480,0.5594609148680334
1599,-0.388743417748839
1702,-0.2812067533225898
1928,1.1337814572081901
1396,-1.359446599271433
1656,-0.0011139454461683313
1711,-0.6503711526163309
1644,0.4442372915363309
2006,-0.09624395887308933
1406,-0.29158117289232194
1730,0.33516078013235595
1296,-0.28943296776010796
2099,0.1165430402473075
1888,-0.16994965880584936
1557,0.1653026282046861
1542,0.5067653902716316
1368,-0.3062617715795838
1446,-1.0046400534545659
1865,0.4385043084680326
1775,0.23103540024235755
730,-3.0912562724181587
273,-1.766337594132859
911,-2.763549861877677
274,0.4335479281833421
619,0.027828894454690434
31,0.854697985637963
795,-0.8201223204520565
807,0.8617745850486873
751,0.13969460957549942
234,-2.3883968452267563
244,-1.5093029025380837
299,1.4868965051652672
437,0.38709917791153137
716,-0.22443942759777216
617,0.1888033067696285
885,-2.3824684124195956
95,0.08527900365781396
750,1.1507722992803877
775,1.091404134725497
784,0.784042765784696
802,0.41176446289612534
504,-0.10756437857461457
798,-3.453923397961325
403,1.4777838172359812
658,1.0425406547489613
369,1.2141377551602441
52,0.7442654372939819
513,-0.3214419969155734
791,1.351836281899458
133,-0.6214324606767092
815,0.8625501701625906
824,1.276921102060121
179,-2.173431785533226
124,-0.9013056323285947
471,-1.6483428969852492
255,0.014688287986287615
916,-1.6522079164033634
153,-0.07727493085940249
284,0.6596122333505445
387,1.622465906368987
508,-0.1887143466978725
598,0.4470281135036213
323,0.8340012875590768
703,2.6851550236266655
510,-0.06727117232051018
592,1.1108841622065664
467,1.6910823273790578
420,1.5787647359954138
537,0.3250568209072841
410,-1.0352780751623385
425,1.9492300665953617
318,0.8105343690444833
87,0.7256893684665371
578,0.8160061732875634
863,-0.270334994409032
20,0.12691883974478319
602,1.212581836166159
803,-0.1984845937048553
151,-1.1530538776169652
706,0.1144825231822213
763,-0.3832291794563793
41,-0.14708853942733957
484,1.0492512003476908
554,0.3479641438987928
203,-0.986062220720347
56,0.9729910279394021
145,-1.599795447852436
461,0.9422041448387057
585,0.43012287809345584
604,0.5239251715564543
903,-1.125918636153227
679,0.4076642514513947
692,-1.21294153171407
816,0.4862328309848243
887,1.6956966425822215
697,-2.741505416286639
143,0.1378624429361621
64,2.0522872259144713
590,1.7482727492762251
528,1.2035018922000913
454,-3.297656308181064
685,1.6972992407284302
413,0.237835155371734
67,0.2545205493441901
345,0.43665794097334454
375,1.1830229388994637
418,0.12288842169688621
874,-0.4892718174826437
596,1.1551691455768491
363,0.532557390465514
60,1.5456225909739856
325,0.8362560653696338
104,-0.16540529695266046
721,-1.9571176797727285
139,0.47767276259175817
897,1.8290316244864442
577,0.8193115416074079
75,-0.8048527539484942
78,1.5884646128002342
73,0.19583146388091432
491,-1.3938127971939722
213,-2.0761536546656885
539,-3.7511877030369347
218,-1.3873051596609083
625,0.11477867859063151
846,0.11993743998729195
810,-0.13970270634434676
222,-1.3553897951188998
125,0.16387207482730806
665,2.745375516298438
261,-2.9106486511784513
804,0.21904853327701537
828,-0.7321410816492797
898,1.6450641829176846
6,-1.201271986294003
657,2.0160904033415927
770,1.2838559821952038
445,1.928564651551014
870,-1.353362048897033
734,-2.184747392669405
683,0.9965843226327391
196,0.6984702526357374
329,-1.8839192565907081
126,-0.22984390053740905
381,-1.906951784268406
399,0.30939267451860597
88,0.7088963434443353
880,-0.2292078312507727
194,0.11902258910639357
102,-0.3389153186310684
699,-2.7604995642663663
593,0.12295785774024966
564,0.7104926686039998
172,-1.1357408462926721
483,1.1241659961500998
723,-1.8246428228367821
726,0.3518186111860071
378,-1.2045614410725034
385,-0.5450491098805582
270,-0.48232619227864637
881,1.0688711673811735
30,0.5162216108569041
27,0.731821919943031
700,1.226866202048293
349,-1.6641470429137732
530,1.6793877554560612
1942,0.37006996751670446
1699,-0.08542911680735825
2020,0.030338797236247002
1793,-0.740333495633784
2086,1.1843874666103986
1744,-0.052031470688547604
1755,-0.3815529668951736
1243,-0.2206466670260592
1355,-0.14578861776299856
1812,0.8836956775758646
2113,0.5513252049778428
1477,-0.4146355420654153
1939,-0.1741672852667439
1486,0.48266232071202286
2097,0.09095063438549936
1670,-0.9862559498417058
1561,-0.36567493043375543
1289,-0.6780695965907315
1986,-0.12711930466726157
1545,1.0264402742969156
1677,-1.310955199244459
1809,-0.06536943442063767
1000,-0.2619180941126658
1913,0.14035093447979075
1565,0.9546534251335593
1246,-0.386019723194144
1036,0.20941633125599174
2031,0.15921252524186846
1283,-0.975485529584948
1429,0.298445127285906
1410,-0.9464415126367531
1029,-0.4227938618627273
1318,0.5499058512671144
2032,0.3829918528114471
1434,-0.28301553002909347
2044,0.43541144658798414
1291,0.28925202501790237
2011,-0.5485176521021147
1937,0.09928226856238088
1320,0.33764184601931035
1901,1.0507316971029133
1881,1.5220059645216724
1661,1.017350194908806
1257,0.6170999322270825
1950,0.8800716954620218
1412,-0.9287951081586714
1818,-1.0649193636087824
1707,-0.7330562550492122
1388,-0.7665210216981788
1541,0.19169179634669886
1700,0.27665838991506264
1129,-0.5283915325551678
1342,-0.1265480253219186
1276,1.2294889086440692
1206,0.014634136376378226
2090,-1.0944719565528436
967,-0.7819797252093648
1597,-0.33545991690647187
1591,-0.14085986552333557
1615,-0.09487252185480924
2096,-0.14941512018518868
1294,0.42638524413747647
1915,0.12339803711480675
968,-0.040488998739479976
1222,0.5541159334527797
1579,0.3093948588808874
1841,-0.29547676236765574
2132,-0.7537848278306951
1873,-0.6171066865731201
2114,-0.7790527569190359
973,0.494325783637608
1899,-0.5796441732404873
1634,0.5793386971668884
1916,0.38227471607404406
1729,0.16510783485525943
1304,-0.7509485562877709
1780,-0.3371476750901456
882,0.8764598103516081
932,-0.9677061827128663
1034,0.6268814447263776
2014,-0.26898328693990015
1026,-0.16994829367921843
448,-2.5254030689718885
988,-0.2271950398836063
773,0.018885881621356668
2101,-0.9322639708193754
1367,-0.6008575036271887
649,0.5292019039163461
177,-1.8425918074885232
1062,-0.4557298497464791
228,1.1214377264602289
1010,0.34435782124967096
1047,-0.09926624604221919
24,0.8569885440644505
431,-0.2882278240657946
326,0.42292696054984913
1002,0.4823096229090761
1874,0.20465867612138144
131,-0.7893860823728029
890,-0.9949433404549068
1801,0.4123547962222996
501,-0.4950354072366307
16,0.24970818742282913
1158,-0.3461375458341879
1653,1.1834248762304476
745,-1.6133297370391588
428,-0.9998795704922534
495,0.5243207924149254
778,0.05959775055996456
524,0.29715901982526627
1460,-0.7857787797236706
341,0.8728546006543285
1489,-0.909437316668706
334,1.1709471877727242
123,0.9316176468586791
1946,-0.614411124536429
230,0.8089775296862117
629,-0.32205264120829397
1626,-0.5812103430831594
173,0.5177752186286764
893,-0.6196083631277398
492,0.7924329782915976
384,0.7357518732042816
43,2.1910442603372298
121,-1.7131128913392333
591,1.6314949494927662
704,1.857214071904902
249,-1.0665816287800256
486,0.6255990522070697
339,-0.6818645279884068
278,-0.6652172471249613
463,-1.9365979564705618
440,0.24513221725955345
217,-2.019861627779812
1349,-0.644508524975757
191,0.43910343817173586
876,0.5268037448346953
223,0.27358530873654574
793,0.882540725470679
1820,-0.036347384357800605
707,-0.547348874078132
271,0.7899714855331688
743,-0.09190182277653858
569,0.9792622489924696
1236,-0.47862469393705853
758,1.0791138255488077
558,-0.26785792215624404
1154,0.6129576519478386
1311,-0.43328688675837024
1932,0.09505336206504617
2119,0.4627018035796058
1107,0.6456540148723056
373,1.385354551978288
1619,0.0320953789371992
983,-0.7702996107522817
1082,0.6708535411436677
1058,-0.33868402031507794
719,-1.439929255724452
742,1.0694188651939303
782,0.8323184751883159
2079,0.5783059947426883
1,-0.6230505540473923
188,-0.13300957053204948
1966,-0.09792445671334007
1038,0.50783702519411
900,-0.1606381260316172
855,0.6206514749111016
417,1.297874499955764
962,0.07721259363971195
1687,-1.4732340846955116
1835,0.8739206374118577
1369,-0.16761243317815522
1629,0.9463298147904473
2103,0.6109904860185587
1041,-0.5719451802524634
790,0.506313874607267
1585,0.48019272349444053
335,-0.2400564050170532
2040,0.2517623792758507
2023,-0.27005775017295786
225,-0.6803347794778458
1361,-0.13307969765159117
1490,-1.3128170735459632
2019,-0.07295592529522954
1087,0.3913694126358103
1594,0.19743728886653572
1074,0.32113946895608847
250,0.03418726117791493
1601,0.1898265509028779
555,1.3030385279903267
383,1.2365333360112363
69,0.3378294233848365
1164,-0.3666296173188091
2018,-0.36565613896900784
812,0.592996193893375
109,0.5974802645655133
1043,-0.009542959670040069
1112,0.6261475210884224
1181,0.48353115144355086
1922,0.46112328868639285
1184,-0.3055212463831703
687,1.7600757370151672
1280,1.2737094788232959
1683,-0.6349237309910131
11,1.8892913135976945
1979,-0.07534000444538366
2127,-0.7254610573300988
740,1.3725935695837383
80,1.3594522708749466
142,0.15801825088016763
768,-2.1436358552010875
1539,-0.6715705621558019
1210,-0.7901366373429813
1155,-0.054614765333206396
174,-0.8669209264006713
738,0.8965742057137425
2026,0.12437862235737825
264,1.377113802351595
180,-2.9952045308654
883,0.6422301536181809
1908,-1.6398988548038516
1359,-0.0030004594436769567
1268,0.20888312515983937
242,-1.6252790043490863
1114,-0.006405663258070519
792,0.5955261133598957
939,0.7639772953637759
354,0.9200566552902096
452,-3.1696927187821404
427,-0.739098070350727
1151,0.721396609910592
366,-1.1880299224071846
35,0.4386277858541525
74,-0.17215481412803418
698,0.6442459389022339
392,0.6800564017763586
1895,-0.2340994609818775
155,-1.5887318868852534
1720,0.11637099513268737
1806,-0.02093467487125722
1272,0.6147911036210342
1753,1.0422514128619769
562,1.9092751160565937
414,0.35509978072380166
1636,0.07030357675679681
280,1.987612576510295
157,-0.3049690029896842
434,-1.0242286884744194
872,0.6899069868367422
1808,0.2499591438408182
814,0.15509691436754056
1833,0.47198128195073036
2062,0.3581221278343848
29,0.6345941053507259
1724,-0.02866468360854285
447,-2.6303198227437874
622,0.09027166069885954
374,2.1054389261158137
688,2.0309126687656986
669,1.2692374206844317
1303,0.6854192078756702
1919,-0.44111388611911495
397,0.06689050309419566
2007,0.23358631627956378
920,-0.815872199471672
1395,-0.8997129796568069
1247,-0.11994215569400127
1603,0.35708665728155553
1814,-0.08737470782313209
358,0.7690546969430121
514,0.88849883485254
2000,-0.20893788831637994
120,0.08424315044922157
1991,-0.15668141719085188
1438,-1.018869590283758
573,1.8798046997916487
1967,-0.5609857609393104
559,0.10736459764584463
416,1.0941043899418048
614,0.34895900297458227
253,0.3617048131225421
544,0.07993151285275858
1794,0.4544650717977987
48,0.5601986347903762
821,0.9420098157373944
1770,0.5571741195752343
904,1.1895657773250599
140,-1.0060049489002305
589,1.014059979281918
1534,-0.4980007555526138
1471,-1.4344869383664394
672,1.1992688667533016
567,1.5683101808746525
931,-1.5106623036100308
82,0.285899717728653
1450,-0.8036296381168425
769,1.4417278701019014
7,-1.6200734444940474
1515,-0.2545439593904697
152,-1.6618609274798766
441,0.9053918010389898
1419,-1.4034967843877904
211,-1.4636194319333367
1726,-0.013479962333040593
475,-1.134907557590504
608,0.3956818666319307
190,0.25971978058019085
1341,-0.32289761413588236
776,1.2876861114178135
1500,-0.5179807614451548
307,-0.08385803758427506
1340,0.01125889516839994
22,-0.5643652401119703
411,-1.6355910621196832
668,-1.955177241151321
426,1.9758786473853491
525,-3.7569456042884717
702,3.0132595240164837
305,-0.0355399936380225
450,1.4198425470138722
817,1.3515321468695873
879,-2.281683762082624
673,-0.7514635910708547
1641,0.3647231306979877
712,2.297893961789291
1060,0.8244637281080878
